filename,quality label
1.wav,4
2.wav,4
3.wav,5
4.wav,4
5.wav,5
6.wav,1
7.wav,4
8.wav,1
9.wav,2
10.wav,5
11.wav,5
12.wav,5
13.wav,4
14.wav,3
15.wav,2
16.wav,4
17.wav,4
18.wav,4
19.wav,4
20.wav,4
21.wav,4
22.wav,4
23.wav,4
24.wav,5
25.wav,4
26.wav,4
27.wav,4
28.wav,4
29.wav,4
30.wav,4
31.wav,4
32.wav,4
33.wav,4
34.wav,3
35.wav,4
36.wav,4
37.wav,4
38.wav,2
39.wav,4
40.wav,3
41.wav,4
42.wav,4
43.wav,4
44.wav,3
45.wav,4
46.wav,4
47.wav,1
48.wav,4
49.wav,4
50.wav,4
51.wav,3
52.wav,4
53.wav,3
54.wav,4
55.wav,4
56.wav,4
57.wav,4
58.wav,4
59.wav,4
60.wav,4
61.wav,4
62.wav,4
63.wav,4
64.wav,4
65.wav,4
66.wav,4
67.wav,3
68.wav,4
69.wav,4
70.wav,3
71.wav,4
72.wav,4
73.wav,2
74.wav,1
75.wav,3
76.wav,4
77.wav,4
78.wav,3
79.wav,4
80.wav,4
81.wav,4
82.wav,4
83.wav,4
84.wav,4
85.wav,4
86.wav,4
87.wav,4
88.wav,4
89.wav,1
90.wav,4
91.wav,4
92.wav,4
93.wav,4
94.wav,4
95.wav,4
96.wav,4
97.wav,4
98.wav,4
99.wav,4
100.wav,4
101.wav,4
102.wav,4
103.wav,4
104.wav,3
105.wav,2
106.wav,4
107.wav,4
108.wav,4
109.wav,4
110.wav,3
111.wav,3
112.wav,4
113.wav,4
114.wav,4
115.wav,4
116.wav,4
117.wav,4
118.wav,4
119.wav,4
120.wav,4
121.wav,4
122.wav,4
123.wav,4
124.wav,4
125.wav,4
126.wav,4
127.wav,5
128.wav,4
129.wav,4
130.wav,4
131.wav,3
132.wav,4
133.wav,4
134.wav,3
135.wav,4
136.wav,5
137.wav,4
138.wav,1
139.wav,4
140.wav,4
141.wav,5
142.wav,3
143.wav,4
144.wav,4
145.wav,4
146.wav,4
147.wav,3
148.wav,4
149.wav,4
150.wav,3
151.wav,4
152.wav,4
153.wav,4
154.wav,4
155.wav,4
156.wav,4
157.wav,4
158.wav,4
159.wav,4
160.wav,4
161.wav,4
162.wav,4
163.wav,5
164.wav,4
165.wav,4
166.wav,4
167.wav,4
168.wav,3
169.wav,2
170.wav,4
171.wav,4
172.wav,3
173.wav,4
174.wav,4
175.wav,4
176.wav,4
177.wav,4
178.wav,4
179.wav,4
180.wav,4
181.wav,4
182.wav,4
183.wav,4
184.wav,3
185.wav,4
186.wav,3
187.wav,4
188.wav,3
189.wav,4
190.wav,4
191.wav,4
192.wav,4
193.wav,4
194.wav,4
195.wav,4
196.wav,4
197.wav,3
198.wav,4
199.wav,4
200.wav,4
201.wav,3
202.wav,4
203.wav,4
204.wav,4
205.wav,4
206.wav,3
207.wav,1
208.wav,4
209.wav,4
210.wav,3
211.wav,4
212.wav,3
213.wav,4
214.wav,4
215.wav,3
216.wav,4
217.wav,4
218.wav,4
219.wav,4
220.wav,3
221.wav,4
222.wav,3
223.wav,4
224.wav,4
225.wav,4
226.wav,4
227.wav,4
228.wav,4
229.wav,4
230.wav,4
231.wav,4
232.wav,4
233.wav,4
234.wav,2
235.wav,4
236.wav,4
237.wav,4
238.wav,4
239.wav,3
240.wav,3
241.wav,4
242.wav,4
243.wav,4
244.wav,4
245.wav,4
246.wav,4
247.wav,2
248.wav,3
249.wav,4
250.wav,4
251.wav,1
252.wav,4
253.wav,4
254.wav,4
255.wav,4
256.wav,3
257.wav,4
258.wav,4
259.wav,4
260.wav,3
261.wav,4
262.wav,4
263.wav,4
264.wav,4
265.wav,2
266.wav,4
267.wav,4
268.wav,5
269.wav,4
270.wav,4
271.wav,4
272.wav,3
273.wav,3
274.wav,4
275.wav,4
276.wav,4
277.wav,4
278.wav,4
279.wav,4
280.wav,4
281.wav,3
282.wav,4
283.wav,4
284.wav,4
285.wav,4
286.wav,4
287.wav,4
288.wav,4
289.wav,4
290.wav,3
291.wav,4
292.wav,4
293.wav,4
294.wav,4
295.wav,4
296.wav,4
297.wav,4
298.wav,4
299.wav,4
300.wav,3
301.wav,4
302.wav,2
303.wav,5
304.wav,2
305.wav,4
306.wav,4
307.wav,4
308.wav,4
309.wav,3
310.wav,4
311.wav,4
312.wav,3
313.wav,4
314.wav,1
315.wav,4
316.wav,2
317.wav,4
318.wav,4
319.wav,4
320.wav,4
321.wav,4
322.wav,4
323.wav,3
324.wav,4
325.wav,4
326.wav,4
327.wav,4
328.wav,4
329.wav,4
330.wav,1
331.wav,4
332.wav,2
333.wav,4
334.wav,4
335.wav,4
336.wav,3
337.wav,4
338.wav,4
339.wav,4
340.wav,3
341.wav,4
342.wav,4
343.wav,3
344.wav,4
345.wav,4
346.wav,4
347.wav,4
348.wav,3
349.wav,4
350.wav,4
351.wav,4
352.wav,4
353.wav,4
354.wav,4
355.wav,4
356.wav,4
357.wav,4
358.wav,4
359.wav,4
360.wav,4
361.wav,4
362.wav,4
363.wav,4
364.wav,4
365.wav,4
366.wav,3
367.wav,4
368.wav,3
369.wav,4
370.wav,3
371.wav,4
372.wav,4
373.wav,3
374.wav,2
375.wav,4
376.wav,4
377.wav,3
378.wav,4
379.wav,2
380.wav,4
381.wav,4
382.wav,4
383.wav,4
384.wav,4
385.wav,4
386.wav,3
387.wav,4
388.wav,4
389.wav,4
390.wav,4
391.wav,4
392.wav,4
393.wav,4
394.wav,5
395.wav,1
396.wav,4
397.wav,4
398.wav,3
399.wav,4
400.wav,4
401.wav,4
402.wav,4
403.wav,2
404.wav,4
405.wav,4
406.wav,4
407.wav,4
408.wav,4
409.wav,4
410.wav,1
411.wav,1
412.wav,1
413.wav,1
414.wav,1
415.wav,3
416.wav,1
417.wav,1
418.wav,3
419.wav,2
420.wav,2
421.wav,2
422.wav,2
423.wav,2
424.wav,2
425.wav,2
426.wav,2
427.wav,1
428.wav,1
429.wav,1
430.wav,2
431.wav,1
432.wav,1
433.wav,2
434.wav,2
435.wav,3
436.wav,3
437.wav,3
438.wav,2
439.wav,4
440.wav,2
441.wav,1
442.wav,1
443.wav,2
444.wav,3
445.wav,3
446.wav,2
447.wav,2
448.wav,2
449.wav,4
450.wav,3
451.wav,2
452.wav,2
453.wav,1
454.wav,3
455.wav,3
456.wav,2
457.wav,4
458.wav,1
459.wav,3
460.wav,1
461.wav,1
462.wav,2
463.wav,2
464.wav,2
465.wav,1
466.wav,1
467.wav,1
468.wav,3
469.wav,2
470.wav,1
471.wav,3
472.wav,2
473.wav,2
474.wav,3
475.wav,2
476.wav,1
477.wav,1
478.wav,2
479.wav,2
480.wav,2
481.wav,2
482.wav,2
483.wav,3
484.wav,1
485.wav,1
486.wav,3
487.wav,2
488.wav,2
489.wav,2
490.wav,1
491.wav,2
492.wav,3
493.wav,2
494.wav,2
495.wav,2
496.wav,1
497.wav,4
498.wav,2
499.wav,3
500.wav,2
501.wav,2
502.wav,2
503.wav,2
504.wav,2
505.wav,4
506.wav,1
507.wav,2
508.wav,1
509.wav,1
510.wav,1
511.wav,1
512.wav,1
513.wav,2
514.wav,2
515.wav,2
516.wav,2
517.wav,2
518.wav,1
519.wav,1
520.wav,1
521.wav,1
522.wav,1
523.wav,2
524.wav,2
525.wav,1
526.wav,1
527.wav,2
528.wav,1
529.wav,1
530.wav,3
531.wav,2
532.wav,1
533.wav,2
534.wav,1
535.wav,2
536.wav,4
537.wav,2
538.wav,1
539.wav,1
540.wav,2
541.wav,2
542.wav,1
543.wav,1
544.wav,1
545.wav,2
546.wav,1
547.wav,1
548.wav,2
549.wav,1
550.wav,2
551.wav,1
552.wav,2
553.wav,1
554.wav,2
555.wav,1
556.wav,1
557.wav,1
558.wav,1
559.wav,2
560.wav,1
561.wav,4
562.wav,1
563.wav,1
564.wav,4
565.wav,2
566.wav,1
567.wav,1
568.wav,2
569.wav,1
570.wav,1
571.wav,4
572.wav,1
573.wav,1
574.wav,2
575.wav,1
576.wav,2
577.wav,2
578.wav,1
579.wav,1
580.wav,1
581.wav,1
582.wav,3
583.wav,1
584.wav,1
585.wav,2
586.wav,1
587.wav,1
588.wav,1
589.wav,2
590.wav,1
591.wav,1
592.wav,1
593.wav,1
594.wav,1
595.wav,1
596.wav,1
597.wav,3
598.wav,1
599.wav,2
600.wav,4
601.wav,3
602.wav,2
603.wav,1
604.wav,1
605.wav,4
606.wav,1
607.wav,2
608.wav,1
609.wav,1
610.wav,1
611.wav,1
612.wav,1
613.wav,1
614.wav,1
615.wav,1
616.wav,2
617.wav,1
618.wav,2
619.wav,2
620.wav,1
621.wav,1
622.wav,1
623.wav,2
624.wav,2
625.wav,2
626.wav,3
627.wav,2
628.wav,2
629.wav,3
630.wav,3
631.wav,2
632.wav,1
633.wav,1
634.wav,2
635.wav,3
636.wav,1
637.wav,1
638.wav,3
639.wav,1
640.wav,1
641.wav,3
642.wav,1
643.wav,2
644.wav,1
645.wav,3
646.wav,1
647.wav,3
648.wav,4
649.wav,1
650.wav,4
651.wav,3
652.wav,2
653.wav,3
654.wav,2
655.wav,1
656.wav,2
657.wav,1
658.wav,1
659.wav,1
660.wav,1
661.wav,1
662.wav,1
663.wav,1
664.wav,4
665.wav,4
666.wav,2
667.wav,3
668.wav,2
669.wav,1
670.wav,2
671.wav,1
672.wav,4
673.wav,1
674.wav,3
675.wav,2
676.wav,1
677.wav,3
678.wav,3
679.wav,3
680.wav,1
681.wav,2
682.wav,2
683.wav,2
684.wav,1
685.wav,2
686.wav,1
687.wav,2
688.wav,3
689.wav,2
690.wav,2
691.wav,2
692.wav,1
693.wav,1
694.wav,1
695.wav,1
696.wav,1
697.wav,1
698.wav,2
699.wav,2
700.wav,3
701.wav,2
702.wav,1
703.wav,2
704.wav,1
705.wav,1
706.wav,1
707.wav,1
708.wav,1
709.wav,1
710.wav,1
711.wav,1
712.wav,1
713.wav,1
714.wav,1
715.wav,1
716.wav,1
717.wav,1
718.wav,1
719.wav,4
720.wav,2
721.wav,1
722.wav,1
723.wav,1
724.wav,1
725.wav,2
726.wav,2
727.wav,2
728.wav,2
729.wav,1
730.wav,1
731.wav,1
732.wav,1
733.wav,1
734.wav,1
735.wav,2
736.wav,1
737.wav,1
738.wav,1
739.wav,1
740.wav,1
741.wav,4
742.wav,1
743.wav,2
744.wav,1
745.wav,1
746.wav,1
747.wav,1
748.wav,1
749.wav,1
750.wav,1
751.wav,1
752.wav,3
753.wav,2
754.wav,1
755.wav,1
756.wav,1
757.wav,1
758.wav,1
759.wav,3
760.wav,2
761.wav,1
762.wav,1
763.wav,1
764.wav,1
765.wav,1
766.wav,1
767.wav,2
768.wav,1
769.wav,1
770.wav,1
771.wav,1
772.wav,1
773.wav,1
774.wav,1
775.wav,1
776.wav,1
777.wav,3
778.wav,4
779.wav,2
780.wav,2
781.wav,1
782.wav,2
783.wav,3
784.wav,1
785.wav,1
786.wav,1
787.wav,1
788.wav,1
789.wav,2
790.wav,1
791.wav,4
792.wav,1
793.wav,1
794.wav,3
795.wav,1
796.wav,1
797.wav,2
798.wav,1
799.wav,1
800.wav,1
801.wav,1
802.wav,1
803.wav,1
804.wav,2
805.wav,3
806.wav,1
807.wav,1
808.wav,1
809.wav,2
810.wav,1
811.wav,2
812.wav,1
813.wav,1
814.wav,1
815.wav,1
816.wav,2
817.wav,1
818.wav,1
819.wav,1
820.wav,2
821.wav,1
822.wav,1
823.wav,1
824.wav,2
825.wav,2
826.wav,1
827.wav,1
828.wav,1
829.wav,1
830.wav,1
831.wav,1
832.wav,2
833.wav,1
834.wav,1
835.wav,1
836.wav,1
837.wav,1
838.wav,1
839.wav,1
840.wav,1
841.wav,1
842.wav,1
843.wav,1
844.wav,1
845.wav,1
846.wav,1
847.wav,1
848.wav,1
849.wav,1
850.wav,2
851.wav,1
852.wav,1
853.wav,1
854.wav,1
855.wav,1
856.wav,1
857.wav,1
858.wav,2
859.wav,1
860.wav,2
861.wav,2
862.wav,3
863.wav,1
864.wav,3
865.wav,1
866.wav,1
867.wav,1
868.wav,3
869.wav,1
870.wav,1
871.wav,1
872.wav,2
873.wav,1
874.wav,1
875.wav,1
876.wav,1
877.wav,1
878.wav,1
879.wav,2
880.wav,2
881.wav,2
882.wav,2
883.wav,2
884.wav,1
885.wav,1
886.wav,3
887.wav,1
888.wav,1
889.wav,1
890.wav,1
891.wav,1
892.wav,4
893.wav,1
894.wav,1
895.wav,1
896.wav,1
897.wav,4
898.wav,4
899.wav,3
900.wav,3
901.wav,4
902.wav,3
903.wav,1
904.wav,4
905.wav,3
906.wav,1
907.wav,3
908.wav,4
909.wav,4
910.wav,3
911.wav,3
912.wav,3
913.wav,3
914.wav,4
915.wav,1
916.wav,3
917.wav,4
918.wav,4
919.wav,3
920.wav,4
921.wav,4
922.wav,4
923.wav,4
924.wav,3
925.wav,4
926.wav,4
927.wav,1
928.wav,4
929.wav,4
930.wav,3
931.wav,5
932.wav,3
933.wav,4
934.wav,5
935.wav,2
936.wav,4
937.wav,3
938.wav,3
939.wav,5
940.wav,4
941.wav,3
942.wav,4
943.wav,4
944.wav,4
945.wav,4
946.wav,4
947.wav,5
948.wav,4
949.wav,4
950.wav,4
951.wav,4
952.wav,4
953.wav,3
954.wav,4
955.wav,2
956.wav,4
957.wav,4
958.wav,4
959.wav,4
960.wav,3
961.wav,3
962.wav,4
963.wav,4
964.wav,4
965.wav,4
966.wav,4
967.wav,3
968.wav,4
969.wav,4
970.wav,4
971.wav,4
972.wav,4
973.wav,1
974.wav,4
975.wav,4
976.wav,4
977.wav,4
978.wav,4
979.wav,4
980.wav,4
981.wav,4
982.wav,3
983.wav,4
984.wav,4
985.wav,4
986.wav,4
987.wav,4
988.wav,4
989.wav,4
990.wav,4
991.wav,4
992.wav,4
993.wav,4
994.wav,4
995.wav,4
996.wav,4
997.wav,4
998.wav,4
999.wav,4
1000.wav,4
1001.wav,4
1002.wav,4
1003.wav,1
1004.wav,4
1005.wav,4
1006.wav,5
1007.wav,4
1008.wav,5
1009.wav,5
1010.wav,5
1011.wav,4
1012.wav,4
1013.wav,4
1014.wav,4
1015.wav,4
1016.wav,4
1017.wav,4
1018.wav,5
1019.wav,4
1020.wav,5
1021.wav,5
1022.wav,5
1023.wav,4
1024.wav,5
1025.wav,4
1026.wav,5
1027.wav,5
1028.wav,1
1029.wav,4
1030.wav,2
1031.wav,4
1032.wav,5
1033.wav,4
1034.wav,5
1035.wav,5
1036.wav,4
1037.wav,5
1038.wav,4
1039.wav,4
1040.wav,4
1041.wav,5
1042.wav,5
1043.wav,5
1044.wav,4
1045.wav,5
1046.wav,4
1047.wav,4
1048.wav,4
1049.wav,4
1050.wav,4
1051.wav,4
1052.wav,5
1053.wav,5
1054.wav,4
1055.wav,4
1056.wav,4
1057.wav,4
1058.wav,4
1059.wav,4
1060.wav,4
1061.wav,4
1062.wav,5
1063.wav,4
1064.wav,5
1065.wav,4
1066.wav,4
1067.wav,5
1068.wav,4
1069.wav,1
1070.wav,4
1071.wav,5
1072.wav,5
1073.wav,4
1074.wav,4
1075.wav,4
1076.wav,1
1077.wav,5
1078.wav,4
1079.wav,4
1080.wav,4
1081.wav,5
1082.wav,5
1083.wav,4
1084.wav,4
1085.wav,4
1086.wav,5
1087.wav,5
1088.wav,5
1089.wav,5
1090.wav,4
1091.wav,5
1092.wav,1
1093.wav,5
1094.wav,5
1095.wav,5
1096.wav,1
1097.wav,5
1098.wav,4
1099.wav,5
1100.wav,4
1101.wav,4
1102.wav,5
1103.wav,4
1104.wav,4
1105.wav,3
1106.wav,4
1107.wav,5
1108.wav,4
1109.wav,4
1110.wav,5
1111.wav,5
1112.wav,5
1113.wav,5
1114.wav,4
1115.wav,4
1116.wav,1
1117.wav,4
1118.wav,4
1119.wav,5
1120.wav,4
1121.wav,4
1122.wav,5
1123.wav,5
1124.wav,5
1125.wav,1
1126.wav,4
1127.wav,5
1128.wav,4
1129.wav,4
1130.wav,4
1131.wav,5
1132.wav,5
1133.wav,5
1134.wav,4
1135.wav,4
1136.wav,5
1137.wav,5
1138.wav,5
1139.wav,4
1140.wav,5
1141.wav,4
1142.wav,5
1143.wav,4
1144.wav,4
1145.wav,4
1146.wav,4
1147.wav,4
1148.wav,3
1149.wav,4
1150.wav,5
1151.wav,4
1152.wav,5
1153.wav,1
1154.wav,5
1155.wav,5
1156.wav,4
1157.wav,4
1158.wav,5
1159.wav,4
1160.wav,5
1161.wav,4
1162.wav,4
1163.wav,1
1164.wav,4
1165.wav,4
1166.wav,4
1167.wav,4
1168.wav,4
1169.wav,4
1170.wav,5
1171.wav,4
1172.wav,4
1173.wav,4
1174.wav,5
1175.wav,5
1176.wav,4
1177.wav,5
1178.wav,4
1179.wav,4
1180.wav,4
1181.wav,1
1182.wav,1
1183.wav,4
1184.wav,4
1185.wav,5
1186.wav,4
1187.wav,5
1188.wav,4
1189.wav,5
1190.wav,5
1191.wav,4
1192.wav,4
1193.wav,5
1194.wav,5
1195.wav,5
1196.wav,4
1197.wav,4
1198.wav,4
1199.wav,5
1200.wav,4
1201.wav,4
1202.wav,5
1203.wav,5
1204.wav,5
1205.wav,4
1206.wav,5
1207.wav,5
1208.wav,5
1209.wav,5
1210.wav,5
1211.wav,5
1212.wav,5
1213.wav,5
1214.wav,5
1215.wav,4
1216.wav,4
1217.wav,5
1218.wav,4
1219.wav,4
1220.wav,5
1221.wav,4
1222.wav,5
1223.wav,4
1224.wav,5
1225.wav,4
1226.wav,4
1227.wav,4
1228.wav,5
1229.wav,5
1230.wav,5
1231.wav,4
1232.wav,4
1233.wav,5
1234.wav,5
1235.wav,4
1236.wav,4
1237.wav,5
1238.wav,4
1239.wav,4
1240.wav,5
1241.wav,5
1242.wav,5
1243.wav,5
1244.wav,4
1245.wav,1
1246.wav,4
1247.wav,4
1248.wav,5
1249.wav,4
1250.wav,4
1251.wav,5
1252.wav,5
1253.wav,4
1254.wav,5
1255.wav,5
1256.wav,4
1257.wav,5
1258.wav,4
1259.wav,5
1260.wav,4
1261.wav,5
1262.wav,5
1263.wav,5
1264.wav,4
1265.wav,4
1266.wav,5
1267.wav,5
1268.wav,5
1269.wav,4
1270.wav,5
1271.wav,4
1272.wav,5
1273.wav,1
1274.wav,5
1275.wav,4
1276.wav,4
1277.wav,5
1278.wav,4
1279.wav,4
1280.wav,4
1281.wav,1
1282.wav,5
1283.wav,4
1284.wav,5
1285.wav,5
1286.wav,5
1287.wav,4
1288.wav,4
1289.wav,4
1290.wav,5
1291.wav,5
1292.wav,5
1293.wav,4
1294.wav,4
1295.wav,2
1296.wav,4
1297.wav,5
1298.wav,4
1299.wav,5
1300.wav,1
1301.wav,4
1302.wav,4
1303.wav,4
1304.wav,4
1305.wav,5
1306.wav,5
1307.wav,5
1308.wav,5
1309.wav,5
1310.wav,5
1311.wav,4
1312.wav,1
1313.wav,4
1314.wav,5
1315.wav,4
1316.wav,4
1317.wav,5
1318.wav,4
1319.wav,4
1320.wav,4
1321.wav,4
1322.wav,4
1323.wav,4
1324.wav,5
1325.wav,4
1326.wav,4
1327.wav,4
1328.wav,4
1329.wav,4
1330.wav,5
1331.wav,5
1332.wav,1
1333.wav,5
1334.wav,5
1335.wav,5
1336.wav,4
1337.wav,5
1338.wav,5
1339.wav,5
1340.wav,4
1341.wav,5
1342.wav,4
1343.wav,4
1344.wav,5
1345.wav,5
1346.wav,5
1347.wav,4
1348.wav,5
1349.wav,5
1350.wav,5
1351.wav,4
1352.wav,4
1353.wav,5
1354.wav,4
1355.wav,4
1356.wav,5
1357.wav,5
1358.wav,4
1359.wav,5
1360.wav,4
1361.wav,4
1362.wav,5
1363.wav,4
1364.wav,4
1365.wav,4
1366.wav,5
1367.wav,5
1368.wav,5
1369.wav,5
1370.wav,4
1371.wav,5
1372.wav,5
1373.wav,4
1374.wav,4
1375.wav,4
1376.wav,4
1377.wav,4
1378.wav,5
1379.wav,4
1380.wav,4
1381.wav,5
1382.wav,4
1383.wav,5
1384.wav,4
1385.wav,5
1386.wav,5
1387.wav,5
1388.wav,4
1389.wav,5
1390.wav,5
1391.wav,5
1392.wav,5
1393.wav,2
1394.wav,5
1395.wav,1
1396.wav,5
1397.wav,5
1398.wav,5
1399.wav,5
1400.wav,4
1401.wav,4
1402.wav,4
1403.wav,4
1404.wav,4
1405.wav,4
1406.wav,5
1407.wav,5
1408.wav,5
1409.wav,4
1410.wav,5
1411.wav,5
1412.wav,5
1413.wav,4
1414.wav,4
1415.wav,5
1416.wav,4
1417.wav,2
1418.wav,4
1419.wav,4
1420.wav,4
1421.wav,5
1422.wav,5
1423.wav,4
1424.wav,5
1425.wav,5
1426.wav,5
1427.wav,5
1428.wav,4
1429.wav,5
1430.wav,5
1431.wav,4
1432.wav,5
1433.wav,4
1434.wav,4
1435.wav,4
1436.wav,4
1437.wav,4
1438.wav,4
1439.wav,3
1440.wav,5
1441.wav,4
1442.wav,5
1443.wav,5
1444.wav,4
1445.wav,5
1446.wav,4
1447.wav,5
1448.wav,5
1449.wav,4
1450.wav,5
1451.wav,5
1452.wav,5
1453.wav,5
1454.wav,5
1455.wav,1
1456.wav,5
1457.wav,5
1458.wav,5
1459.wav,5
1460.wav,5
1461.wav,4
1462.wav,5
1463.wav,4
1464.wav,4
1465.wav,4
1466.wav,4
1467.wav,5
1468.wav,5
1469.wav,5
1470.wav,5
1471.wav,4
1472.wav,5
1473.wav,1
1474.wav,5
1475.wav,5
1476.wav,3
1477.wav,4
1478.wav,4
1479.wav,4
1480.wav,4
1481.wav,4
1482.wav,4
1483.wav,5
1484.wav,5
1485.wav,5
1486.wav,5
1487.wav,5
1488.wav,4
1489.wav,4
1490.wav,1
1491.wav,4
1492.wav,4
1493.wav,5
1494.wav,5
1495.wav,4
1496.wav,4
1497.wav,5
1498.wav,4
1499.wav,5
1500.wav,5
1501.wav,4
1502.wav,4
1503.wav,4
1504.wav,4
1505.wav,4
1506.wav,4
1507.wav,2
1508.wav,5
1509.wav,5
1510.wav,4
1511.wav,2
1512.wav,5
1513.wav,4
1514.wav,5
1515.wav,4
1516.wav,5
1517.wav,5
1518.wav,4
1519.wav,5
1520.wav,5
1521.wav,5
1522.wav,5
1523.wav,5
1524.wav,5
1525.wav,4
1526.wav,4
1527.wav,4
1528.wav,4
1529.wav,4
1530.wav,5
1531.wav,4
1532.wav,4
1533.wav,4
1534.wav,4
1535.wav,4
1536.wav,4
1537.wav,4
1538.wav,4
1539.wav,4
1540.wav,2
1541.wav,4
1542.wav,4
1543.wav,4
1544.wav,5
1545.wav,4
1546.wav,5
1547.wav,4
1548.wav,4
1549.wav,4
1550.wav,4
1551.wav,4
1552.wav,2
1553.wav,4
1554.wav,4
1555.wav,5
1556.wav,4
1557.wav,5
1558.wav,4
1559.wav,5
1560.wav,4
1561.wav,4
1562.wav,4
1563.wav,5
1564.wav,4
1565.wav,5
1566.wav,4
1567.wav,3
1568.wav,4
1569.wav,5
1570.wav,1
1571.wav,4
1572.wav,5
1573.wav,5
1574.wav,4
1575.wav,4
1576.wav,4
1577.wav,4
1578.wav,5
1579.wav,5
1580.wav,5
1581.wav,4
1582.wav,5
1583.wav,5
1584.wav,5
1585.wav,4
1586.wav,4
1587.wav,4
1588.wav,4
1589.wav,5
1590.wav,5
1591.wav,5
1592.wav,5
1593.wav,4
1594.wav,4
1595.wav,5
1596.wav,4
1597.wav,4
1598.wav,5
1599.wav,5
1600.wav,4
1601.wav,1
1602.wav,4
1603.wav,4
1604.wav,4
1605.wav,4
1606.wav,5
1607.wav,2
1608.wav,4
1609.wav,4
1610.wav,5
1611.wav,4
1612.wav,4
1613.wav,5
1614.wav,5
1615.wav,4
1616.wav,1
1617.wav,4
1618.wav,4
1619.wav,5
1620.wav,5
1621.wav,5
1622.wav,5
1623.wav,4
1624.wav,4
1625.wav,2
1626.wav,4
1627.wav,2
1628.wav,5
1629.wav,5
1630.wav,5
1631.wav,1
1632.wav,4
1633.wav,5
1634.wav,5
1635.wav,5
1636.wav,4
1637.wav,4
1638.wav,4
1639.wav,5
1640.wav,4
1641.wav,4
1642.wav,5
1643.wav,4
1644.wav,5
1645.wav,4
1646.wav,4
1647.wav,5
1648.wav,3
1649.wav,4
1650.wav,5
1651.wav,4
1652.wav,5
1653.wav,5
1654.wav,5
1655.wav,4
1656.wav,5
1657.wav,4
1658.wav,4
1659.wav,4
1660.wav,4
1661.wav,5
1662.wav,1
1663.wav,4
1664.wav,4
1665.wav,4
1666.wav,4
1667.wav,4
1668.wav,3
1669.wav,4
1670.wav,3
1671.wav,2
1672.wav,4
1673.wav,4
1674.wav,5
1675.wav,1
1676.wav,4
1677.wav,4
1678.wav,4
1679.wav,5
1680.wav,3
1681.wav,5
1682.wav,5
1683.wav,4
1684.wav,4
1685.wav,5
1686.wav,5
1687.wav,5
1688.wav,4
1689.wav,4
1690.wav,4
1691.wav,5
1692.wav,5
1693.wav,5
1694.wav,5
1695.wav,5
1696.wav,4
1697.wav,4
1698.wav,5
1699.wav,5
1700.wav,5
1701.wav,4
1702.wav,4
1703.wav,4
1704.wav,5
1705.wav,5
1706.wav,5
1707.wav,5
1708.wav,4
1709.wav,5
1710.wav,5
1711.wav,4
1712.wav,4
1713.wav,4
1714.wav,4
1715.wav,4
1716.wav,4
1717.wav,4
1718.wav,4
1719.wav,4
1720.wav,5
1721.wav,5
1722.wav,4
1723.wav,4
1724.wav,4
1725.wav,5
1726.wav,5
1727.wav,4
1728.wav,5
1729.wav,5
1730.wav,4
1731.wav,5
1732.wav,4
1733.wav,4
1734.wav,4
1735.wav,4
1736.wav,1
1737.wav,5
1738.wav,5
1739.wav,4
1740.wav,4
1741.wav,5
1742.wav,4
1743.wav,5
1744.wav,4
1745.wav,5
1746.wav,5
1747.wav,5
1748.wav,5
1749.wav,1
1750.wav,1
1751.wav,4
1752.wav,4
1753.wav,4
1754.wav,4
1755.wav,4
1756.wav,5
1757.wav,5
1758.wav,4
1759.wav,4
1760.wav,5
1761.wav,4
1762.wav,5
1763.wav,4
1764.wav,4
1765.wav,4
1766.wav,4
1767.wav,5
1768.wav,1
1769.wav,4
1770.wav,4
1771.wav,5
1772.wav,4
1773.wav,4
1774.wav,5
1775.wav,5
1776.wav,5
1777.wav,4
1778.wav,3
1779.wav,5
1780.wav,5
1781.wav,3
1782.wav,4
1783.wav,4
1784.wav,4
1785.wav,5
1786.wav,4
1787.wav,5
1788.wav,1
1789.wav,5
1790.wav,5
1791.wav,5
1792.wav,4
1793.wav,5
1794.wav,5
1795.wav,4
1796.wav,4
1797.wav,4
1798.wav,4
1799.wav,4
1800.wav,4
1801.wav,5
1802.wav,5
1803.wav,5
1804.wav,5
1805.wav,5
1806.wav,4
1807.wav,5
1808.wav,4
1809.wav,4
1810.wav,4
1811.wav,4
1812.wav,4
1813.wav,5
1814.wav,5
1815.wav,5
1816.wav,5
1817.wav,4
1818.wav,4
1819.wav,5
1820.wav,5
1821.wav,4
1822.wav,4
1823.wav,5
1824.wav,5
1825.wav,4
1826.wav,5
1827.wav,4
1828.wav,4
1829.wav,4
1830.wav,5
1831.wav,4
1832.wav,5
1833.wav,5
1834.wav,4
1835.wav,4
1836.wav,5
1837.wav,4
1838.wav,4
1839.wav,4
1840.wav,4
1841.wav,4
1842.wav,5
1843.wav,5
1844.wav,4
1845.wav,4
1846.wav,4
1847.wav,5
1848.wav,4
1849.wav,4
1850.wav,5
1851.wav,5
1852.wav,5
1853.wav,5
1854.wav,4
1855.wav,1
1856.wav,5
1857.wav,4
1858.wav,4
1859.wav,4
1860.wav,5
1861.wav,2
1862.wav,3
1863.wav,4
1864.wav,5
1865.wav,5
1866.wav,4
1867.wav,5
1868.wav,4
1869.wav,4
1870.wav,5
1871.wav,5
1872.wav,2
1873.wav,4
1874.wav,5
1875.wav,5
1876.wav,4
1877.wav,4
1878.wav,4
1879.wav,5
1880.wav,5
1881.wav,4
1882.wav,4
1883.wav,5
1884.wav,4
1885.wav,1
1886.wav,4
1887.wav,5
1888.wav,4
1889.wav,5
1890.wav,4
1891.wav,5
1892.wav,4
1893.wav,4
1894.wav,5
1895.wav,5
1896.wav,5
1897.wav,4
1898.wav,4
1899.wav,3
1900.wav,4
1901.wav,4
1902.wav,4
1903.wav,4
1904.wav,5
1905.wav,4
1906.wav,3
1907.wav,4
1908.wav,4
1909.wav,4
1910.wav,4
1911.wav,5
1912.wav,5
1913.wav,5
1914.wav,4
1915.wav,3
1916.wav,5
1917.wav,4
1918.wav,5
1919.wav,5
1920.wav,4
1921.wav,5
1922.wav,5
1923.wav,4
1924.wav,3
1925.wav,4
1926.wav,4
1927.wav,4
1928.wav,4
1929.wav,4
1930.wav,5
1931.wav,5
1932.wav,4
1933.wav,4
1934.wav,4
1935.wav,5
1936.wav,4
1937.wav,5
1938.wav,5
1939.wav,4
1940.wav,5
1941.wav,5
1942.wav,5
1943.wav,4
1944.wav,4
1945.wav,5
1946.wav,5
1947.wav,4
1948.wav,4
1949.wav,4
1950.wav,4
1951.wav,4
1952.wav,5
1953.wav,4
1954.wav,4
1955.wav,5
1956.wav,4
1957.wav,4
1958.wav,4
1959.wav,4
1960.wav,4
1961.wav,5
1962.wav,3
1963.wav,4
1964.wav,4
1965.wav,4
1966.wav,4
1967.wav,4
1968.wav,4
1969.wav,4
1970.wav,4
1971.wav,4
1972.wav,5
1973.wav,5
1974.wav,4
1975.wav,4
1976.wav,5
1977.wav,4
1978.wav,5
1979.wav,4
1980.wav,5
1981.wav,4
1982.wav,5
1983.wav,5
1984.wav,3
1985.wav,4
1986.wav,4
1987.wav,4
1988.wav,4
1989.wav,5
1990.wav,5
1991.wav,4
1992.wav,5
1993.wav,5
1994.wav,4
1995.wav,1
1996.wav,5
1997.wav,4
1998.wav,5
1999.wav,4
2000.wav,5
2001.wav,4
2002.wav,4
2003.wav,5
2004.wav,4
2005.wav,4
2006.wav,5
2007.wav,5
2008.wav,4
2009.wav,4
2010.wav,5
2011.wav,1
2012.wav,5
2013.wav,4
2014.wav,5
2015.wav,4
2016.wav,4
2017.wav,4
2018.wav,4
2019.wav,5
2020.wav,4
2021.wav,5
2022.wav,5
2023.wav,5
2024.wav,4
2025.wav,5
2026.wav,5
2027.wav,1
2028.wav,4
2029.wav,5
2030.wav,3
2031.wav,5
2032.wav,1
2033.wav,4
2034.wav,4
2035.wav,2
2036.wav,4
2037.wav,4
2038.wav,4
2039.wav,4
2040.wav,4
2041.wav,4
2042.wav,5
2043.wav,5
2044.wav,5
2045.wav,5
2046.wav,4
2047.wav,4
2048.wav,5
2049.wav,4
2050.wav,4
2051.wav,5
2052.wav,4
2053.wav,4
2054.wav,4
2055.wav,4
2056.wav,4
2057.wav,4
2058.wav,4
2059.wav,4
2060.wav,4
2061.wav,5
2062.wav,1
2063.wav,5
2064.wav,5
2065.wav,5
2066.wav,4
2067.wav,5
2068.wav,4
2069.wav,5
2070.wav,4
2071.wav,5
2072.wav,4
2073.wav,4
2074.wav,5
2075.wav,4
2076.wav,5
2077.wav,5
2078.wav,4
2079.wav,5
2080.wav,4
2081.wav,5
2082.wav,4
2083.wav,4
2084.wav,4
2085.wav,5
2086.wav,5
2087.wav,5
2088.wav,3
2089.wav,5
2090.wav,5
2091.wav,5
2092.wav,5
2093.wav,3
2094.wav,4
2095.wav,4
2096.wav,2
2097.wav,4
2098.wav,4
2099.wav,4
2100.wav,4
2101.wav,3
2102.wav,4
2103.wav,5
2104.wav,4
2105.wav,4
2106.wav,4
2107.wav,5
2108.wav,5
2109.wav,5
2110.wav,5
2111.wav,5
2112.wav,5
2113.wav,4
2114.wav,5
2115.wav,5
2116.wav,5
2117.wav,5
2118.wav,5
2119.wav,5
2120.wav,5
2121.wav,5
2122.wav,5
2123.wav,5
2124.wav,5
2125.wav,5
2126.wav,5
2127.wav,5
2128.wav,5
2129.wav,5
2130.wav,4
2131.wav,5
2132.wav,5
2133.wav,5
2134.wav,5
2135.wav,5
2136.wav,5
2137.wav,5
2138.wav,5
2139.wav,5
2140.wav,5
2141.wav,5
2142.wav,5
2143.wav,4
2144.wav,5
2145.wav,5
2146.wav,4
2147.wav,5
2148.wav,5
2149.wav,5
2150.wav,5
2151.wav,5
2152.wav,4
2153.wav,4
2154.wav,4
2155.wav,5
2156.wav,3
2157.wav,5
2158.wav,5
2159.wav,5
2160.wav,1
2161.wav,4
2162.wav,2
2163.wav,5
2164.wav,5
2165.wav,5
2166.wav,4
2167.wav,4
2168.wav,5
2169.wav,5
2170.wav,5
2171.wav,4
2172.wav,5
2173.wav,4
2174.wav,4
2175.wav,4
2176.wav,5
2177.wav,5
2178.wav,5
2179.wav,5
2180.wav,4
2181.wav,3
2182.wav,5
2183.wav,5
2184.wav,4
2185.wav,4
2186.wav,4
2187.wav,4
2188.wav,5
2189.wav,5
2190.wav,5
2191.wav,5
2192.wav,4
2193.wav,4
2194.wav,4
2195.wav,3
2196.wav,4
2197.wav,5
2198.wav,5
2199.wav,5
2200.wav,5
2201.wav,4
2202.wav,3
2203.wav,5
2204.wav,5
2205.wav,5
2206.wav,5
2207.wav,5
2208.wav,5
2209.wav,5
2210.wav,4
2211.wav,4
2212.wav,4
2213.wav,5
2214.wav,5
2215.wav,5
2216.wav,5
2217.wav,5
2218.wav,5
2219.wav,3
2220.wav,3
2221.wav,5
2222.wav,4
2223.wav,4
2224.wav,4
2225.wav,4
2226.wav,5
2227.wav,5
2228.wav,2
2229.wav,5
2230.wav,4
2231.wav,4
2232.wav,4
2233.wav,4
2234.wav,4
2235.wav,4
2236.wav,4
2237.wav,4
2238.wav,4
2239.wav,5
2240.wav,4
2241.wav,4
2242.wav,5
2243.wav,4
2244.wav,5
2245.wav,4
2246.wav,4
2247.wav,4
2248.wav,4
2249.wav,2
2250.wav,5
2251.wav,5
2252.wav,5
2253.wav,4
2254.wav,5
2255.wav,5
2256.wav,4
2257.wav,5
2258.wav,2
2259.wav,5
2260.wav,4
2261.wav,4
2262.wav,4
2263.wav,5
2264.wav,4
2265.wav,5
2266.wav,5
2267.wav,5
2268.wav,5
2269.wav,4
2270.wav,4
2271.wav,4
2272.wav,4
2273.wav,4
2274.wav,4
2275.wav,5
2276.wav,4
2277.wav,5
2278.wav,4
2279.wav,5
2280.wav,5
2281.wav,5
2282.wav,5
2283.wav,5
2284.wav,1
2285.wav,4
2286.wav,4
2287.wav,4
2288.wav,4
2289.wav,5
2290.wav,4
2291.wav,5
2292.wav,4
2293.wav,4
2294.wav,4
2295.wav,4
2296.wav,4
2297.wav,5
2298.wav,4
2299.wav,5
2300.wav,4
2301.wav,4
2302.wav,5
2303.wav,4
2304.wav,4
2305.wav,4
2306.wav,4
2307.wav,4
2308.wav,5
2309.wav,5
2310.wav,5
2311.wav,4
2312.wav,4
2313.wav,5
2314.wav,4
2315.wav,3
2316.wav,4
2317.wav,5
2318.wav,5
2319.wav,5
2320.wav,5
2321.wav,5
2322.wav,4
2323.wav,5
2324.wav,5
2325.wav,4
2326.wav,3
2327.wav,5
2328.wav,5
2329.wav,4
2330.wav,5
2331.wav,4
2332.wav,5
2333.wav,5
2334.wav,4
2335.wav,4
2336.wav,5
2337.wav,5
2338.wav,4
2339.wav,5
2340.wav,5
2341.wav,5
2342.wav,4
2343.wav,4
2344.wav,5
2345.wav,4
2346.wav,4
2347.wav,5
2348.wav,5
2349.wav,5
2350.wav,5
2351.wav,5
2352.wav,4
2353.wav,5
2354.wav,4
2355.wav,5
2356.wav,3
2357.wav,3
2358.wav,4
2359.wav,4
2360.wav,4
2361.wav,5
2362.wav,5
2363.wav,5
2364.wav,4
2365.wav,5
2366.wav,4
2367.wav,5
2368.wav,5
2369.wav,3
2370.wav,3
2371.wav,4
2372.wav,4
2373.wav,4
2374.wav,4
2375.wav,5
2376.wav,5
2377.wav,4
2378.wav,4
2379.wav,4
2380.wav,4
2381.wav,5
2382.wav,4
2383.wav,5
2384.wav,5
2385.wav,4
2386.wav,5
2387.wav,5
2388.wav,5
2389.wav,5
2390.wav,4
2391.wav,4
2392.wav,4
2393.wav,4
2394.wav,1
2395.wav,3
2396.wav,4
2397.wav,4
2398.wav,4
2399.wav,4
2400.wav,4
2401.wav,4
2402.wav,2
2403.wav,5
2404.wav,4
2405.wav,5
2406.wav,4
2407.wav,4
2408.wav,4
2409.wav,5
2410.wav,5
2411.wav,4
2412.wav,4
2413.wav,2
2414.wav,3
2415.wav,4
2416.wav,4
2417.wav,4
2418.wav,4
2419.wav,4
2420.wav,5
2421.wav,5
2422.wav,4
2423.wav,4
2424.wav,4
2425.wav,4
2426.wav,5
2427.wav,4
2428.wav,4
2429.wav,4
2430.wav,4
2431.wav,3
2432.wav,4
2433.wav,4
2434.wav,4
2435.wav,4
2436.wav,4
2437.wav,4
2438.wav,4
2439.wav,5
2440.wav,4
2441.wav,4
2442.wav,4
2443.wav,4
2444.wav,3
2445.wav,5
2446.wav,4
2447.wav,5
2448.wav,5
2449.wav,4
2450.wav,5
2451.wav,5
2452.wav,5
2453.wav,4
2454.wav,5
2455.wav,4
2456.wav,5
2457.wav,5
2458.wav,5
2459.wav,5
2460.wav,4
2461.wav,4
2462.wav,3
2463.wav,4
2464.wav,4
2465.wav,4
2466.wav,4
2467.wav,4
2468.wav,5
2469.wav,5
2470.wav,5
2471.wav,3
2472.wav,4
2473.wav,5
2474.wav,5
2475.wav,4
2476.wav,5
2477.wav,5
2478.wav,5
2479.wav,2
2480.wav,2
2481.wav,4
2482.wav,4
2483.wav,4
2484.wav,2
2485.wav,5
2486.wav,5
2487.wav,5
2488.wav,5
2489.wav,4
2490.wav,4
2491.wav,4
2492.wav,5
2493.wav,3
2494.wav,1
2495.wav,4
2496.wav,5
2497.wav,4
2498.wav,4
2499.wav,5
2500.wav,5
2501.wav,4
2502.wav,4
2503.wav,5
2504.wav,4
2505.wav,4
2506.wav,4
2507.wav,5
2508.wav,5
2509.wav,4
2510.wav,4
2511.wav,4
2512.wav,4
2513.wav,2
2514.wav,4
2515.wav,5
2516.wav,4
2517.wav,4
2518.wav,4
2519.wav,4
2520.wav,5
2521.wav,4
2522.wav,5
2523.wav,4
2524.wav,4
2525.wav,4
2526.wav,5
2527.wav,5
2528.wav,4
2529.wav,5
2530.wav,5
2531.wav,5
2532.wav,5
2533.wav,5
2534.wav,4
2535.wav,4
2536.wav,3
2537.wav,5
2538.wav,5
2539.wav,4
2540.wav,5
2541.wav,5
2542.wav,4
2543.wav,5
2544.wav,4
2545.wav,5
2546.wav,5
2547.wav,5
2548.wav,4
2549.wav,2
2550.wav,4
2551.wav,5
2552.wav,4
2553.wav,2
2554.wav,5
2555.wav,4
2556.wav,5
2557.wav,4
2558.wav,4
2559.wav,4
2560.wav,5
2561.wav,5
2562.wav,5
2563.wav,4
2564.wav,5
2565.wav,4
2566.wav,5
2567.wav,5
2568.wav,5
2569.wav,5
2570.wav,4
2571.wav,4
2572.wav,4
2573.wav,4
2574.wav,5
2575.wav,5
2576.wav,5
2577.wav,4
2578.wav,4
2579.wav,4
2580.wav,3
2581.wav,4
2582.wav,4
2583.wav,4
2584.wav,5
2585.wav,4
2586.wav,5
2587.wav,4
2588.wav,5
2589.wav,5
2590.wav,4
2591.wav,4
2592.wav,4
2593.wav,4
2594.wav,5
2595.wav,4
2596.wav,3
2597.wav,5
2598.wav,3
2599.wav,4
2600.wav,4
2601.wav,4
2602.wav,5
2603.wav,5
2604.wav,5
2605.wav,5
2606.wav,5
2607.wav,4
2608.wav,4
2609.wav,4
2610.wav,4
2611.wav,5
2612.wav,4
2613.wav,4
2614.wav,4
2615.wav,5
2616.wav,4
2617.wav,4
2618.wav,5
2619.wav,5
2620.wav,4
2621.wav,5
2622.wav,4
2623.wav,4
2624.wav,4
2625.wav,4
2626.wav,5
2627.wav,4
2628.wav,5
2629.wav,5
2630.wav,4
2631.wav,4
2632.wav,5
2633.wav,5
2634.wav,4
2635.wav,5
2636.wav,4
2637.wav,4
2638.wav,4
2639.wav,5
2640.wav,4
2641.wav,5
2642.wav,5
2643.wav,5
2644.wav,3
2645.wav,4
2646.wav,4
2647.wav,4
2648.wav,4
2649.wav,5
2650.wav,4
2651.wav,5
2652.wav,4
2653.wav,5
2654.wav,5
2655.wav,5
2656.wav,5
2657.wav,3
2658.wav,5
2659.wav,4
2660.wav,5
2661.wav,5
2662.wav,5
2663.wav,5
2664.wav,4
2665.wav,4
2666.wav,5
2667.wav,5
2668.wav,4
2669.wav,4
2670.wav,4
2671.wav,5
2672.wav,5
2673.wav,4
2674.wav,4
2675.wav,4
2676.wav,2
2677.wav,4
2678.wav,4
2679.wav,4
2680.wav,4
2681.wav,5
2682.wav,4
2683.wav,4
2684.wav,4
2685.wav,4
2686.wav,5
2687.wav,5
2688.wav,5
2689.wav,4
2690.wav,5
2691.wav,4
2692.wav,4
2693.wav,5
2694.wav,5
2695.wav,2
2696.wav,5
2697.wav,4
2698.wav,4
2699.wav,2
2700.wav,4
2701.wav,5
2702.wav,4
2703.wav,5
2704.wav,5
2705.wav,5
2706.wav,4
2707.wav,4
2708.wav,4
2709.wav,4
2710.wav,5
2711.wav,4
2712.wav,4
2713.wav,4
2714.wav,4
2715.wav,5
2716.wav,4
2717.wav,5
2718.wav,4
2719.wav,4
2720.wav,4
2721.wav,4
2722.wav,5
2723.wav,4
2724.wav,5
2725.wav,4
2726.wav,4
2727.wav,5
2728.wav,5
2729.wav,4
2730.wav,5
2731.wav,4
2732.wav,4
2733.wav,4
2734.wav,5
2735.wav,5
2736.wav,4
2737.wav,4
2738.wav,4
2739.wav,4
2740.wav,4
2741.wav,4
2742.wav,4
2743.wav,2
2744.wav,4
2745.wav,4
2746.wav,4
2747.wav,4
2748.wav,5
2749.wav,4
2750.wav,4
2751.wav,4
2752.wav,4
2753.wav,4
2754.wav,4
2755.wav,4
2756.wav,4
2757.wav,3
2758.wav,4
2759.wav,5
2760.wav,4
2761.wav,4
2762.wav,5
2763.wav,4
2764.wav,4
2765.wav,4
2766.wav,4
2767.wav,4
2768.wav,5
2769.wav,5
2770.wav,4
2771.wav,4
2772.wav,4
2773.wav,5
2774.wav,4
2775.wav,1
2776.wav,3
2777.wav,2
2778.wav,4
2779.wav,5
2780.wav,5
2781.wav,5
2782.wav,5
2783.wav,4
2784.wav,5
2785.wav,4
2786.wav,5
2787.wav,4
2788.wav,5
2789.wav,4
2790.wav,4
2791.wav,4
2792.wav,4
2793.wav,5
2794.wav,4
2795.wav,4
2796.wav,4
2797.wav,5
2798.wav,5
2799.wav,4
2800.wav,4
2801.wav,4
2802.wav,4
2803.wav,4
2804.wav,4
2805.wav,4
2806.wav,4
2807.wav,4
2808.wav,4
2809.wav,5
2810.wav,5
2811.wav,5
2812.wav,4
2813.wav,4
2814.wav,5
2815.wav,4
2816.wav,4
2817.wav,4
2818.wav,5
2819.wav,5
2820.wav,4
2821.wav,3
2822.wav,4
2823.wav,4
2824.wav,5
2825.wav,4
2826.wav,5
2827.wav,3
2828.wav,4
2829.wav,4
2830.wav,4
2831.wav,4
2832.wav,4
2833.wav,5
2834.wav,2
2835.wav,4
2836.wav,4
2837.wav,5
2838.wav,5
2839.wav,5
2840.wav,4
2841.wav,4
2842.wav,5
2843.wav,4
2844.wav,5
2845.wav,5
2846.wav,5
2847.wav,4
2848.wav,3
2849.wav,4
2850.wav,5
2851.wav,4
2852.wav,4
2853.wav,4
2854.wav,5
2855.wav,4
2856.wav,5
2857.wav,5
2858.wav,4
2859.wav,4
2860.wav,4
2861.wav,5
2862.wav,4
2863.wav,5
2864.wav,5
2865.wav,5
2866.wav,5
2867.wav,4
2868.wav,4
2869.wav,5
2870.wav,5
2871.wav,3
2872.wav,4
2873.wav,4
2874.wav,4
2875.wav,5
2876.wav,4
2877.wav,4
2878.wav,4
2879.wav,4
2880.wav,5
2881.wav,3
2882.wav,2
2883.wav,4
2884.wav,4
2885.wav,4
2886.wav,5
2887.wav,4
2888.wav,4
2889.wav,4
2890.wav,4
2891.wav,4
2892.wav,4
2893.wav,2
2894.wav,4
2895.wav,4
2896.wav,2
2897.wav,5
2898.wav,4
2899.wav,4
2900.wav,4
2901.wav,5
2902.wav,4
2903.wav,5
2904.wav,5
2905.wav,5
2906.wav,5
2907.wav,4
2908.wav,5
2909.wav,4
2910.wav,4
2911.wav,5
2912.wav,4
2913.wav,5
2914.wav,4
2915.wav,4
2916.wav,5
2917.wav,4
2918.wav,4
2919.wav,4
2920.wav,5
2921.wav,5
2922.wav,5
2923.wav,5
2924.wav,4
2925.wav,4
2926.wav,4
2927.wav,4
2928.wav,5
2929.wav,4
2930.wav,4
2931.wav,4
2932.wav,4
2933.wav,5
2934.wav,4
2935.wav,4
2936.wav,4
2937.wav,4
2938.wav,5
2939.wav,4
2940.wav,4
2941.wav,4
2942.wav,4
2943.wav,3
2944.wav,4
2945.wav,5
2946.wav,4
2947.wav,4
2948.wav,4
2949.wav,4
2950.wav,4
2951.wav,4
2952.wav,4
2953.wav,4
2954.wav,1
2955.wav,5
2956.wav,4
2957.wav,4
2958.wav,5
2959.wav,5
2960.wav,4
2961.wav,4
2962.wav,5
2963.wav,4
2964.wav,4
2965.wav,5
2966.wav,5
2967.wav,5
2968.wav,5
2969.wav,5
2970.wav,5
2971.wav,4
2972.wav,4
2973.wav,4
2974.wav,5
2975.wav,4
2976.wav,5
2977.wav,4
2978.wav,4
2979.wav,5
2980.wav,4
2981.wav,2
2982.wav,5
2983.wav,4
2984.wav,4
2985.wav,4
2986.wav,4
2987.wav,1
2988.wav,4
2989.wav,5
2990.wav,4
2991.wav,5
2992.wav,5
2993.wav,5
2994.wav,3
2995.wav,4
2996.wav,4
2997.wav,4
2998.wav,4
2999.wav,4
3000.wav,4
3001.wav,4
3002.wav,5
3003.wav,5
3004.wav,5
3005.wav,4
3006.wav,5
3007.wav,4
3008.wav,4
3009.wav,4
3010.wav,5
3011.wav,4
3012.wav,5
3013.wav,5
3014.wav,5
3015.wav,4
3016.wav,4
3017.wav,5
3018.wav,4
3019.wav,4
3020.wav,5
3021.wav,4
3022.wav,5
3023.wav,4
3024.wav,1
3025.wav,4
3026.wav,5
3027.wav,5
3028.wav,5
3029.wav,5
3030.wav,4
3031.wav,4
3032.wav,4
3033.wav,5
3034.wav,4
3035.wav,4
3036.wav,4
3037.wav,5
3038.wav,4
3039.wav,5
3040.wav,5
3041.wav,5
3042.wav,4
3043.wav,4
3044.wav,4
3045.wav,4
3046.wav,4
3047.wav,4
3048.wav,4
3049.wav,4
3050.wav,4
3051.wav,4
3052.wav,4
3053.wav,4
3054.wav,4
3055.wav,4
3056.wav,4
3057.wav,4
3058.wav,4
3059.wav,5
3060.wav,4
3061.wav,5
3062.wav,4
3063.wav,4
3064.wav,4
3065.wav,4
3066.wav,5
3067.wav,4
3068.wav,4
3069.wav,4
3070.wav,4
3071.wav,5
3072.wav,3
3073.wav,4
3074.wav,4
3075.wav,4
3076.wav,4
3077.wav,4
3078.wav,4
3079.wav,4
3080.wav,4
3081.wav,3
3082.wav,4
3083.wav,4
3084.wav,4
3085.wav,4
3086.wav,4
3087.wav,4
3088.wav,5
3089.wav,4
3090.wav,4
3091.wav,4
3092.wav,4
3093.wav,4
3094.wav,4
3095.wav,4
3096.wav,4
3097.wav,4
3098.wav,4
3099.wav,4
3100.wav,4
3101.wav,4
3102.wav,4
3103.wav,4
3104.wav,4
3105.wav,4
3106.wav,4
3107.wav,4
3108.wav,4
3109.wav,4
3110.wav,4
3111.wav,4
3112.wav,4
3113.wav,4
3114.wav,4
3115.wav,4
3116.wav,4
3117.wav,4
3118.wav,4
3119.wav,4
3120.wav,4
3121.wav,4
3122.wav,5
3123.wav,4
3124.wav,4
3125.wav,5
3126.wav,4
3127.wav,4
3128.wav,4
3129.wav,4
3130.wav,4
3131.wav,4
3132.wav,4
3133.wav,4
3134.wav,4
3135.wav,4
3136.wav,4
3137.wav,4
3138.wav,4
3139.wav,4
3140.wav,4
3141.wav,4
3142.wav,4
3143.wav,4
3144.wav,4
3145.wav,4
3146.wav,5
3147.wav,5
3148.wav,4
3149.wav,5
3150.wav,4
3151.wav,4
3152.wav,4
3153.wav,4
3154.wav,4
3155.wav,4
3156.wav,4
3157.wav,5
3158.wav,5
3159.wav,3
3160.wav,4
3161.wav,4
3162.wav,5
3163.wav,4
3164.wav,4
3165.wav,4
3166.wav,2
3167.wav,4
3168.wav,4
3169.wav,4
3170.wav,3
3171.wav,4
3172.wav,4
3173.wav,4
3174.wav,4
3175.wav,4
3176.wav,4
3177.wav,3
3178.wav,4
3179.wav,3
3180.wav,3
3181.wav,3
3182.wav,2
3183.wav,4
3184.wav,4
3185.wav,5
3186.wav,4
3187.wav,4
3188.wav,4
3189.wav,4
3190.wav,4
3191.wav,4
3192.wav,4
3193.wav,4
3194.wav,4
3195.wav,4
3196.wav,4
3197.wav,4
3198.wav,4
3199.wav,3
3200.wav,3
3201.wav,4
3202.wav,4
3203.wav,3
3204.wav,3
3205.wav,4
3206.wav,4
3207.wav,4
3208.wav,5
3209.wav,4
3210.wav,4
3211.wav,2
3212.wav,3
3213.wav,4
3214.wav,2
3215.wav,4
3216.wav,4
3217.wav,4
3218.wav,3
3219.wav,4
3220.wav,4
3221.wav,4
3222.wav,4
3223.wav,4
3224.wav,4
3225.wav,4
3226.wav,4
3227.wav,4
3228.wav,4
3229.wav,4
3230.wav,4
3231.wav,4
3232.wav,5
3233.wav,5
3234.wav,5
3235.wav,5
3236.wav,5
3237.wav,5
3238.wav,5
3239.wav,5
3240.wav,5
3241.wav,4
3242.wav,4
3243.wav,4
3244.wav,4
3245.wav,4
3246.wav,4
3247.wav,4
3248.wav,5
3249.wav,4
3250.wav,4
3251.wav,4
3252.wav,4
3253.wav,4
3254.wav,4
3255.wav,4
3256.wav,4
3257.wav,4
3258.wav,4
3259.wav,4
3260.wav,4
3261.wav,4
3262.wav,4
3263.wav,4
3264.wav,4
3265.wav,4
3266.wav,4
3267.wav,5
3268.wav,5
3269.wav,5
3270.wav,5
3271.wav,4
3272.wav,4
3273.wav,4
3274.wav,4
3275.wav,5
3276.wav,5
3277.wav,4
3278.wav,4
3279.wav,4
3280.wav,4
3281.wav,4
3282.wav,4
3283.wav,4
3284.wav,4
3285.wav,3
3286.wav,2
3287.wav,2
3288.wav,2
3289.wav,3
3290.wav,3
3291.wav,4
3292.wav,4
3293.wav,4
3294.wav,4
3295.wav,4
3296.wav,4
3297.wav,4
3298.wav,4
3299.wav,4
3300.wav,4
3301.wav,3
3302.wav,4
3303.wav,3
3304.wav,4
3305.wav,4
3306.wav,4
3307.wav,4
3308.wav,3
3309.wav,4
3310.wav,4
3311.wav,3
3312.wav,3
3313.wav,2
3314.wav,3
3315.wav,4
3316.wav,4
3317.wav,4
3318.wav,4
3319.wav,4
3320.wav,4
3321.wav,4
3322.wav,3
3323.wav,4
3324.wav,4
3325.wav,3
3326.wav,4
3327.wav,3
3328.wav,2
3329.wav,3
3330.wav,4
3331.wav,3
3332.wav,4
3333.wav,3
3334.wav,3
3335.wav,3
3336.wav,3
3337.wav,4
3338.wav,4
3339.wav,4
3340.wav,4
3341.wav,4
3342.wav,4
3343.wav,4
3344.wav,4
3345.wav,4
3346.wav,4
3347.wav,4
3348.wav,4
3349.wav,4
3350.wav,4
3351.wav,4
3352.wav,4
3353.wav,4
3354.wav,4
3355.wav,5
3356.wav,4
3357.wav,4
3358.wav,5
3359.wav,5
3360.wav,4
3361.wav,4
3362.wav,5
3363.wav,4
3364.wav,5
3365.wav,4
3366.wav,4
3367.wav,4
3368.wav,5
3369.wav,4
3370.wav,4
3371.wav,5
3372.wav,5
3373.wav,4
3374.wav,4
3375.wav,4
3376.wav,4
3377.wav,5
3378.wav,5
3379.wav,5
3380.wav,5
3381.wav,4
3382.wav,5
3383.wav,4
3384.wav,4
3385.wav,4
3386.wav,4
3387.wav,5
3388.wav,5
3389.wav,4
3390.wav,4
3391.wav,4
3392.wav,4
3393.wav,4
3394.wav,5
3395.wav,4
3396.wav,4
3397.wav,4
3398.wav,4
3399.wav,4
3400.wav,4
3401.wav,4
3402.wav,4
3403.wav,4
3404.wav,4
3405.wav,4
3406.wav,4
3407.wav,4
3408.wav,5
3409.wav,4
3410.wav,4
3411.wav,5
3412.wav,5
3413.wav,4
3414.wav,4
3415.wav,5
3416.wav,5
3417.wav,4
3418.wav,5
3419.wav,4
3420.wav,4
3421.wav,4
3422.wav,4
3423.wav,3
3424.wav,4
3425.wav,4
3426.wav,4
3427.wav,4
3428.wav,4
3429.wav,4
3430.wav,2
3431.wav,4
3432.wav,5
3433.wav,4
3434.wav,4
3435.wav,3
3436.wav,3
3437.wav,3
3438.wav,3
3439.wav,3
3440.wav,3
3441.wav,3
3442.wav,4
3443.wav,4
3444.wav,3
3445.wav,4
3446.wav,4
3447.wav,4
3448.wav,4
3449.wav,4
3450.wav,4
3451.wav,4
3452.wav,4
3453.wav,4
3454.wav,4
3455.wav,4
3456.wav,4
3457.wav,4
3458.wav,4
3459.wav,5
3460.wav,5
3461.wav,4
3462.wav,4
3463.wav,4
3464.wav,4
3465.wav,4
3466.wav,4
3467.wav,5
3468.wav,4
3469.wav,4
3470.wav,4
3471.wav,4
3472.wav,4
3473.wav,4
3474.wav,4
3475.wav,5
3476.wav,5
3477.wav,4
3478.wav,4
3479.wav,4
3480.wav,4
3481.wav,4
3482.wav,4
3483.wav,4
3484.wav,4
3485.wav,4
3486.wav,5
3487.wav,5
3488.wav,4
3489.wav,4
3490.wav,4
3491.wav,4
3492.wav,5
3493.wav,4
3494.wav,4
3495.wav,4
3496.wav,3
3497.wav,4
3498.wav,5
3499.wav,5
3500.wav,5
3501.wav,4
3502.wav,4
3503.wav,4
3504.wav,4
3505.wav,4
3506.wav,4
3507.wav,4
3508.wav,4
3509.wav,4
3510.wav,5
3511.wav,4
3512.wav,4
3513.wav,4
3514.wav,4
3515.wav,4
3516.wav,4
3517.wav,4
3518.wav,4
3519.wav,4
3520.wav,4
3521.wav,4
3522.wav,4
3523.wav,4
3524.wav,4
3525.wav,4
3526.wav,4
3527.wav,4
3528.wav,5
3529.wav,5
3530.wav,5
3531.wav,4
3532.wav,4
3533.wav,4
3534.wav,4
3535.wav,4
3536.wav,4
3537.wav,4
3538.wav,4
3539.wav,4
3540.wav,4
3541.wav,4
3542.wav,4
3543.wav,3
3544.wav,4
3545.wav,4
3546.wav,3
3547.wav,4
3548.wav,4
3549.wav,4
3550.wav,4
3551.wav,5
3552.wav,5
3553.wav,4
3554.wav,4
3555.wav,4
3556.wav,4
3557.wav,4
3558.wav,4
3559.wav,4
3560.wav,4
3561.wav,4
3562.wav,4
3563.wav,4
3564.wav,4
3565.wav,1
3566.wav,1
3567.wav,1
3568.wav,1
3569.wav,1
3570.wav,1
3571.wav,1
3572.wav,1
3573.wav,1
3574.wav,1
3575.wav,1
3576.wav,1
3577.wav,1
3578.wav,2
3579.wav,1
3580.wav,1
3581.wav,1
3582.wav,1
3583.wav,2
3584.wav,1
3585.wav,1
3586.wav,1
3587.wav,1
3588.wav,1
3589.wav,1
3590.wav,1
3591.wav,1
3592.wav,1
3593.wav,1
3594.wav,1
3595.wav,1
3596.wav,1
3597.wav,1
3598.wav,1
3599.wav,1
3600.wav,1
3601.wav,1
3602.wav,1
3603.wav,1
3604.wav,1
3605.wav,5
3606.wav,5
3607.wav,5
3608.wav,4
3609.wav,5
3610.wav,5
3611.wav,4
3612.wav,4
3613.wav,4
3614.wav,4
3615.wav,4
3616.wav,4
3617.wav,4
3618.wav,4
3619.wav,4
3620.wav,4
3621.wav,4
3622.wav,4
3623.wav,4
3624.wav,4
3625.wav,3
3626.wav,4
3627.wav,5
3628.wav,5
3629.wav,5
3630.wav,5
3631.wav,5
3632.wav,5
3633.wav,5
3634.wav,5
3635.wav,5
3636.wav,5
3637.wav,5
3638.wav,5
3639.wav,5
3640.wav,5
3641.wav,5
3642.wav,5
3643.wav,5
3644.wav,5
3645.wav,5
3646.wav,5
3647.wav,5
3648.wav,5
3649.wav,5
3650.wav,4
3651.wav,4
3652.wav,3
3653.wav,3
3654.wav,4
3655.wav,4
3656.wav,4
3657.wav,5
3658.wav,5
3659.wav,3
3660.wav,2
3661.wav,4
3662.wav,4
3663.wav,4
3664.wav,4
3665.wav,4
3666.wav,4
3667.wav,4
3668.wav,4
3669.wav,4
3670.wav,3
3671.wav,4
3672.wav,4
3673.wav,5
3674.wav,5
3675.wav,5
3676.wav,5
3677.wav,1
3678.wav,5
3679.wav,4
3680.wav,5
3681.wav,4
3682.wav,4
3683.wav,4
3684.wav,2
3685.wav,2
3686.wav,1
3687.wav,4
3688.wav,3
3689.wav,4
3690.wav,4
3691.wav,1
3692.wav,2
3693.wav,4
3694.wav,4
3695.wav,4
3696.wav,1
3697.wav,1
3698.wav,1
3699.wav,1
3700.wav,1
3701.wav,1
3702.wav,1
3703.wav,4
3704.wav,1
3705.wav,1
3706.wav,1
3707.wav,1
3708.wav,1
3709.wav,1
3710.wav,4
3711.wav,1
3712.wav,5
3713.wav,5
3714.wav,5
3715.wav,5
3716.wav,5
3717.wav,5
3718.wav,5
3719.wav,5
3720.wav,5
3721.wav,5
3722.wav,5
3723.wav,5
3724.wav,5
3725.wav,5
3726.wav,5
3727.wav,5
3728.wav,5
3729.wav,5
3730.wav,5
3731.wav,5
3732.wav,4
3733.wav,5
3734.wav,5
3735.wav,4
3736.wav,5
3737.wav,4
3738.wav,5
3739.wav,4
3740.wav,5
3741.wav,5
3742.wav,4
3743.wav,4
3744.wav,4
3745.wav,4
3746.wav,4
3747.wav,4
3748.wav,4
3749.wav,4
3750.wav,4
3751.wav,4
3752.wav,4
3753.wav,4
3754.wav,4
3755.wav,4
3756.wav,4
3757.wav,4
3758.wav,4
3759.wav,4
3760.wav,4
3761.wav,4
3762.wav,4
3763.wav,4
3764.wav,4
3765.wav,4
3766.wav,5
3767.wav,5
3768.wav,4
3769.wav,4
3770.wav,4
3771.wav,4
3772.wav,4
3773.wav,5
3774.wav,5
3775.wav,4
3776.wav,4
3777.wav,4
3778.wav,4
3779.wav,4
3780.wav,4
3781.wav,4
3782.wav,4
3783.wav,4
3784.wav,5
3785.wav,5
3786.wav,4
3787.wav,4
3788.wav,4
3789.wav,4
3790.wav,4
3791.wav,4
3792.wav,5
3793.wav,5
3794.wav,4
3795.wav,4
3796.wav,4
3797.wav,4
3798.wav,4
3799.wav,4
3800.wav,4
3801.wav,4
3802.wav,4
3803.wav,4
3804.wav,4
3805.wav,4
3806.wav,4
3807.wav,4
3808.wav,4
3809.wav,4
3810.wav,4
3811.wav,4
3812.wav,4
3813.wav,5
3814.wav,5
3815.wav,3
3816.wav,4
3817.wav,4
3818.wav,4
3819.wav,4
3820.wav,4
3821.wav,3
3822.wav,4
3823.wav,4
3824.wav,2
3825.wav,4
3826.wav,4
3827.wav,3
3828.wav,4
3829.wav,3
3830.wav,3
3831.wav,4
3832.wav,4
3833.wav,3
3834.wav,2
3835.wav,2
3836.wav,4
3837.wav,2
3838.wav,3
3839.wav,4
3840.wav,4
3841.wav,4
3842.wav,4
3843.wav,3
3844.wav,3
3845.wav,4
3846.wav,4
3847.wav,4
3848.wav,4
3849.wav,4
3850.wav,4
3851.wav,4
3852.wav,4
3853.wav,3
3854.wav,4
3855.wav,4
3856.wav,4
3857.wav,3
3858.wav,4
3859.wav,4
3860.wav,4
3861.wav,4
3862.wav,5
3863.wav,5
3864.wav,4
3865.wav,2
3866.wav,2
3867.wav,4
3868.wav,4
3869.wav,4
3870.wav,2
3871.wav,4
3872.wav,4
3873.wav,4
3874.wav,2
3875.wav,2
3876.wav,4
3877.wav,3
3878.wav,4
3879.wav,4
3880.wav,4
3881.wav,5
3882.wav,4
3883.wav,4
3884.wav,4
3885.wav,4
3886.wav,4
3887.wav,3
3888.wav,3
3889.wav,4
3890.wav,4
3891.wav,4
3892.wav,5
3893.wav,4
3894.wav,4
3895.wav,3
3896.wav,4
3897.wav,4
3898.wav,4
3899.wav,4
3900.wav,4
3901.wav,5
3902.wav,3
3903.wav,4
3904.wav,4
3905.wav,4
3906.wav,3
3907.wav,3
3908.wav,4
3909.wav,4
3910.wav,4
3911.wav,4
3912.wav,4
3913.wav,4
3914.wav,3
3915.wav,2
3916.wav,4
3917.wav,5
3918.wav,3
3919.wav,4
3920.wav,4
3921.wav,4
3922.wav,3
3923.wav,4
3924.wav,3
3925.wav,4
3926.wav,4
3927.wav,4
3928.wav,3
3929.wav,4
3930.wav,4
3931.wav,4
3932.wav,4
3933.wav,5
3934.wav,4
3935.wav,4
3936.wav,4
3937.wav,4
3938.wav,3
3939.wav,4
3940.wav,4
3941.wav,4
3942.wav,4
3943.wav,4
3944.wav,4
3945.wav,4
3946.wav,4
3947.wav,5
3948.wav,4
3949.wav,5
3950.wav,4
3951.wav,5
3952.wav,5
3953.wav,4
3954.wav,4
3955.wav,4
3956.wav,5
3957.wav,5
3958.wav,5
3959.wav,4
3960.wav,4
3961.wav,4
3962.wav,4
3963.wav,4
3964.wav,4
3965.wav,4
3966.wav,4
3967.wav,4
3968.wav,4
3969.wav,5
3970.wav,4
3971.wav,4
3972.wav,5
3973.wav,5
3974.wav,4
3975.wav,5
3976.wav,5
3977.wav,5
3978.wav,4
3979.wav,4
3980.wav,4
3981.wav,4
3982.wav,4
3983.wav,4
3984.wav,4
3985.wav,4
3986.wav,4
3987.wav,5
3988.wav,4
3989.wav,4
3990.wav,4
3991.wav,5
3992.wav,4
3993.wav,4
3994.wav,5
3995.wav,5
3996.wav,5
3997.wav,5
3998.wav,4
3999.wav,5
4000.wav,4
4001.wav,4
4002.wav,4
4003.wav,5
4004.wav,5
4005.wav,5
4006.wav,5
4007.wav,5
4008.wav,5
4009.wav,5
4010.wav,5
4011.wav,5
4012.wav,5
4013.wav,5
4014.wav,5
4015.wav,5
4016.wav,5
4017.wav,4
4018.wav,5
4019.wav,4
4020.wav,4
4021.wav,4
4022.wav,4
4023.wav,4
4024.wav,4
4025.wav,5
4026.wav,4
4027.wav,4
4028.wav,4
4029.wav,4
4030.wav,4
4031.wav,4
4032.wav,4
4033.wav,4
4034.wav,4
4035.wav,4
4036.wav,4
4037.wav,4
4038.wav,4
4039.wav,4
4040.wav,5
4041.wav,4
4042.wav,5
4043.wav,5
4044.wav,5
4045.wav,5
4046.wav,5
4047.wav,4
4048.wav,4
4049.wav,4
4050.wav,4
4051.wav,4
4052.wav,4
4053.wav,4
4054.wav,4
4055.wav,2
4056.wav,3
4057.wav,2
4058.wav,2
4059.wav,2
4060.wav,2
4061.wav,2
4062.wav,3
4063.wav,3
4064.wav,3
4065.wav,3
4066.wav,3
4067.wav,3
4068.wav,5
4069.wav,5
4070.wav,5
4071.wav,5
4072.wav,5
4073.wav,5
4074.wav,5
4075.wav,5
4076.wav,5
4077.wav,5
4078.wav,5
4079.wav,5
4080.wav,5
4081.wav,5
4082.wav,5
4083.wav,5
4084.wav,5
4085.wav,5
4086.wav,5
4087.wav,5
4088.wav,5
4089.wav,5
4090.wav,5
4091.wav,5
4092.wav,5
4093.wav,5
4094.wav,5
4095.wav,5
4096.wav,5
4097.wav,5
4098.wav,5
4099.wav,5
4100.wav,5
4101.wav,4
4102.wav,4
4103.wav,4
4104.wav,5
4105.wav,5
4106.wav,5
4107.wav,5
4108.wav,5
4109.wav,5
4110.wav,4
4111.wav,5
4112.wav,5
4113.wav,4
4114.wav,5
4115.wav,5
4116.wav,5
4117.wav,4
4118.wav,5
4119.wav,5
4120.wav,4
4121.wav,4
4122.wav,4
4123.wav,4
4124.wav,5
4125.wav,4
4126.wav,4
4127.wav,4
4128.wav,5
4129.wav,5
4130.wav,4
4131.wav,4
4132.wav,4
4133.wav,4
4134.wav,4
4135.wav,4
4136.wav,4
4137.wav,4
4138.wav,4
4139.wav,4
4140.wav,4
4141.wav,4
4142.wav,4
4143.wav,4
4144.wav,3
4145.wav,4
4146.wav,4
4147.wav,4
4148.wav,4
4149.wav,4
4150.wav,4
4151.wav,3
4152.wav,3
4153.wav,4
4154.wav,4
4155.wav,4
4156.wav,4
4157.wav,4
4158.wav,4
4159.wav,4
4160.wav,4
4161.wav,4
4162.wav,4
4163.wav,4
4164.wav,4
4165.wav,4
4166.wav,4
4167.wav,4
4168.wav,4
4169.wav,5
4170.wav,5
4171.wav,5
4172.wav,5
4173.wav,5
4174.wav,5
4175.wav,5
4176.wav,4
4177.wav,5
4178.wav,5
4179.wav,5
4180.wav,5
4181.wav,5
4182.wav,5
4183.wav,4
4184.wav,5
4185.wav,5
4186.wav,5
4187.wav,5
4188.wav,5
4189.wav,5
4190.wav,5
4191.wav,5
4192.wav,5
4193.wav,5
4194.wav,5
4195.wav,5
4196.wav,5
4197.wav,5
4198.wav,5
4199.wav,4
4200.wav,4
4201.wav,4
4202.wav,4
4203.wav,4
4204.wav,4
4205.wav,4
4206.wav,4
4207.wav,4
4208.wav,4
4209.wav,4
4210.wav,4
4211.wav,4
4212.wav,4
4213.wav,4
4214.wav,4
4215.wav,4
4216.wav,4
4217.wav,4
4218.wav,4
4219.wav,4
4220.wav,4
4221.wav,4
4222.wav,4
4223.wav,4
4224.wav,4
4225.wav,4
4226.wav,4
4227.wav,4
4228.wav,4
4229.wav,4
4230.wav,4
4231.wav,4
4232.wav,4
4233.wav,4
4234.wav,4
4235.wav,4
4236.wav,4
4237.wav,4
4238.wav,4
4239.wav,4
4240.wav,4
4241.wav,4
4242.wav,4
4243.wav,4
4244.wav,4
4245.wav,4
4246.wav,4
4247.wav,4
4248.wav,4
4249.wav,4
4250.wav,4
4251.wav,4
4252.wav,4
4253.wav,4
4254.wav,4
4255.wav,4
4256.wav,4
4257.wav,4
4258.wav,4
4259.wav,4
4260.wav,4
4261.wav,3
4262.wav,4
4263.wav,4
4264.wav,4
4265.wav,4
4266.wav,4
4267.wav,4
4268.wav,4
4269.wav,4
4270.wav,4
4271.wav,4
4272.wav,4
4273.wav,4
4274.wav,4
4275.wav,4
4276.wav,3
4277.wav,3
4278.wav,4
4279.wav,3
4280.wav,4
4281.wav,4
4282.wav,4
4283.wav,4
4284.wav,4
4285.wav,4
4286.wav,4
4287.wav,4
4288.wav,3
4289.wav,4
4290.wav,4
4291.wav,4
4292.wav,4
4293.wav,4
4294.wav,4
4295.wav,4
4296.wav,4
4297.wav,4
4298.wav,4
4299.wav,4
4300.wav,4
4301.wav,4
4302.wav,4
4303.wav,4
4304.wav,4
4305.wav,4
4306.wav,4
4307.wav,4
4308.wav,4
4309.wav,4
4310.wav,4
4311.wav,4
4312.wav,4
4313.wav,4
4314.wav,5
4315.wav,5
4316.wav,5
4317.wav,5
4318.wav,5
4319.wav,5
4320.wav,5
4321.wav,5
4322.wav,5
4323.wav,5
4324.wav,5
4325.wav,5
4326.wav,5
4327.wav,4
4328.wav,4
4329.wav,4
4330.wav,5
4331.wav,5
4332.wav,5
4333.wav,5
4334.wav,5
4335.wav,5
4336.wav,5
4337.wav,5
4338.wav,5
4339.wav,5
4340.wav,5
4341.wav,5
4342.wav,5
4343.wav,5
4344.wav,5
4345.wav,5
4346.wav,5
4347.wav,5
4348.wav,5
4349.wav,5
4350.wav,5
4351.wav,5
4352.wav,5
4353.wav,5
4354.wav,5
4355.wav,5
4356.wav,5
4357.wav,5
4358.wav,5
4359.wav,5
4360.wav,5
4361.wav,5
4362.wav,5
4363.wav,5
4364.wav,5
4365.wav,5
4366.wav,5
4367.wav,4
4368.wav,4
4369.wav,4
4370.wav,4
4371.wav,4
4372.wav,4
4373.wav,4
4374.wav,4
4375.wav,4
4376.wav,4
4377.wav,4
4378.wav,4
4379.wav,4
4380.wav,4
4381.wav,4
4382.wav,4
4383.wav,4
4384.wav,4
4385.wav,4
4386.wav,4
4387.wav,4
4388.wav,4
4389.wav,4
4390.wav,4
4391.wav,4
4392.wav,4
4393.wav,4
4394.wav,4
4395.wav,4
4396.wav,4
4397.wav,4
4398.wav,4
4399.wav,4
4400.wav,4
4401.wav,4
4402.wav,4
4403.wav,3
4404.wav,4
4405.wav,4
4406.wav,4
4407.wav,4
4408.wav,4
4409.wav,4
4410.wav,4
4411.wav,4
4412.wav,4
4413.wav,4
4414.wav,4
4415.wav,4
4416.wav,4
4417.wav,4
4418.wav,4
4419.wav,4
4420.wav,4
4421.wav,4
4422.wav,4
4423.wav,5
4424.wav,5
4425.wav,5
4426.wav,5
4427.wav,5
4428.wav,5
4429.wav,5
4430.wav,5
4431.wav,5
4432.wav,5
4433.wav,5
4434.wav,5
4435.wav,5
4436.wav,5
4437.wav,5
4438.wav,5
4439.wav,5
4440.wav,5
4441.wav,5
4442.wav,5
4443.wav,4
4444.wav,4
4445.wav,4
4446.wav,4
4447.wav,4
4448.wav,4
4449.wav,4
4450.wav,4
4451.wav,4
4452.wav,4
4453.wav,4
4454.wav,4
4455.wav,4
4456.wav,4
4457.wav,4
4458.wav,4
4459.wav,4
4460.wav,4
4461.wav,4
4462.wav,4
4463.wav,4
4464.wav,4
4465.wav,4
4466.wav,4
4467.wav,4
4468.wav,4
4469.wav,4
4470.wav,4
4471.wav,4
4472.wav,4
4473.wav,4
4474.wav,4
4475.wav,4
4476.wav,4
4477.wav,5
4478.wav,5
4479.wav,4
4480.wav,5
4481.wav,5
4482.wav,5
4483.wav,5
4484.wav,4
4485.wav,4
4486.wav,4
4487.wav,4
4488.wav,4
4489.wav,4
4490.wav,4
4491.wav,4
4492.wav,5
4493.wav,5
4494.wav,5
4495.wav,4
4496.wav,4
4497.wav,5
4498.wav,5
4499.wav,5
4500.wav,4
4501.wav,4
4502.wav,4
4503.wav,4
4504.wav,4
4505.wav,4
4506.wav,4
4507.wav,4
4508.wav,4
4509.wav,4
4510.wav,4
4511.wav,4
4512.wav,4
4513.wav,4
4514.wav,4
4515.wav,4
4516.wav,4
4517.wav,4
4518.wav,4
4519.wav,4
4520.wav,4
4521.wav,4
4522.wav,4
4523.wav,4
4524.wav,4
4525.wav,3
4526.wav,3
4527.wav,3
4528.wav,4
4529.wav,4
4530.wav,4
4531.wav,4
4532.wav,4
4533.wav,4
4534.wav,4
4535.wav,5
4536.wav,5
4537.wav,5
4538.wav,5
4539.wav,5
4540.wav,4
4541.wav,5
4542.wav,4
4543.wav,5
4544.wav,5
4545.wav,4
4546.wav,3
4547.wav,4
4548.wav,4
4549.wav,4
4550.wav,5
4551.wav,4
4552.wav,4
4553.wav,4
4554.wav,4
4555.wav,4
4556.wav,4
4557.wav,4
4558.wav,3
4559.wav,4
4560.wav,4
4561.wav,4
4562.wav,3
4563.wav,4
4564.wav,4
4565.wav,4
4566.wav,3
4567.wav,4
4568.wav,4
4569.wav,4
4570.wav,4
4571.wav,4
4572.wav,4
4573.wav,4
4574.wav,4
4575.wav,4
4576.wav,3
4577.wav,4
4578.wav,4
4579.wav,5
4580.wav,5
4581.wav,5
4582.wav,5
4583.wav,5
4584.wav,5
4585.wav,5
4586.wav,4
4587.wav,5
4588.wav,5
4589.wav,5
4590.wav,4
4591.wav,5
4592.wav,5
4593.wav,5
4594.wav,4
4595.wav,5
4596.wav,5
4597.wav,5
4598.wav,5
4599.wav,5
4600.wav,5
4601.wav,5
4602.wav,5
4603.wav,5
4604.wav,5
4605.wav,4
4606.wav,5
4607.wav,5
4608.wav,4
4609.wav,2
4610.wav,3
4611.wav,4
4612.wav,3
4613.wav,4
4614.wav,4
4615.wav,3
4616.wav,2
4617.wav,2
4618.wav,2
4619.wav,3
4620.wav,3
4621.wav,4
4622.wav,3
4623.wav,3
4624.wav,3
4625.wav,3
4626.wav,4
4627.wav,3
4628.wav,4
4629.wav,4
4630.wav,3
4631.wav,4
4632.wav,4
4633.wav,4
4634.wav,2
4635.wav,2
4636.wav,2
4637.wav,3
4638.wav,3
4639.wav,4
4640.wav,4
4641.wav,3
4642.wav,3
4643.wav,3
4644.wav,2
4645.wav,2
4646.wav,2
4647.wav,4
4648.wav,4
4649.wav,3
4650.wav,3
4651.wav,3
4652.wav,3
4653.wav,3
4654.wav,2
4655.wav,2
4656.wav,3
4657.wav,2
4658.wav,2
4659.wav,2
4660.wav,2
4661.wav,2
4662.wav,4
4663.wav,4
4664.wav,4
4665.wav,4
4666.wav,4
4667.wav,4
4668.wav,4
4669.wav,4
4670.wav,4
4671.wav,4
4672.wav,4
4673.wav,4
4674.wav,4
4675.wav,4
4676.wav,4
4677.wav,4
4678.wav,4
4679.wav,4
4680.wav,4
4681.wav,4
4682.wav,4
4683.wav,5
4684.wav,5
4685.wav,4
4686.wav,5
4687.wav,4
4688.wav,5
4689.wav,5
4690.wav,5
4691.wav,5
4692.wav,5
4693.wav,5
4694.wav,4
4695.wav,5
4696.wav,5
4697.wav,4
4698.wav,4
4699.wav,5
4700.wav,5
4701.wav,5
4702.wav,5
4703.wav,5
4704.wav,5
4705.wav,5
4706.wav,5
4707.wav,5
4708.wav,5
4709.wav,5
4710.wav,5
4711.wav,5
4712.wav,5
4713.wav,5
4714.wav,5
4715.wav,5
4716.wav,1
4717.wav,1
4718.wav,1
4719.wav,1
4720.wav,2
4721.wav,2
4722.wav,2
4723.wav,1
4724.wav,2
4725.wav,2
4726.wav,2
4727.wav,2
4728.wav,2
4729.wav,2
4730.wav,2
4731.wav,2
4732.wav,2
4733.wav,2
4734.wav,3
4735.wav,3
4736.wav,3
4737.wav,3
4738.wav,2
4739.wav,2
4740.wav,3
4741.wav,3
4742.wav,3
4743.wav,3
4744.wav,2
4745.wav,3
4746.wav,3
4747.wav,3
4748.wav,2
4749.wav,2
4750.wav,2
4751.wav,4
4752.wav,2
4753.wav,2
4754.wav,2
4755.wav,3
4756.wav,2
4757.wav,2
4758.wav,4
4759.wav,2
4760.wav,3
4761.wav,2
4762.wav,2
4763.wav,3
4764.wav,2
4765.wav,2
4766.wav,4
4767.wav,4
4768.wav,4
4769.wav,4
4770.wav,4
4771.wav,4
4772.wav,4
4773.wav,4
4774.wav,4
4775.wav,4
4776.wav,4
4777.wav,4
4778.wav,4
4779.wav,4
4780.wav,4
4781.wav,4
4782.wav,4
4783.wav,4
4784.wav,4
4785.wav,4
4786.wav,3
4787.wav,3
4788.wav,3
4789.wav,4
4790.wav,4
4791.wav,4
4792.wav,4
4793.wav,3
4794.wav,4
4795.wav,4
4796.wav,4
4797.wav,4
4798.wav,3
4799.wav,4
4800.wav,4
4801.wav,3
4802.wav,4
4803.wav,3
4804.wav,4
4805.wav,3
4806.wav,3
4807.wav,3
4808.wav,2
4809.wav,4
4810.wav,4
4811.wav,2
4812.wav,2
4813.wav,3
4814.wav,3
4815.wav,4
4816.wav,2
4817.wav,3
4818.wav,4
4819.wav,4
4820.wav,3
4821.wav,4
4822.wav,4
4823.wav,4
4824.wav,4
4825.wav,4
4826.wav,4
4827.wav,4
4828.wav,4
4829.wav,4
4830.wav,4
4831.wav,4
4832.wav,4
4833.wav,4
4834.wav,4
4835.wav,4
4836.wav,4
4837.wav,4
4838.wav,3
4839.wav,4
4840.wav,4
4841.wav,4
4842.wav,4
4843.wav,4
4844.wav,4
4845.wav,4
4846.wav,4
4847.wav,4
4848.wav,3
4849.wav,4
4850.wav,4
4851.wav,4
4852.wav,4
4853.wav,4
4854.wav,5
4855.wav,5
4856.wav,5
4857.wav,5
4858.wav,5
4859.wav,5
4860.wav,5
4861.wav,5
4862.wav,5
4863.wav,5
4864.wav,5
4865.wav,5
4866.wav,5
4867.wav,5
4868.wav,5
4869.wav,5
4870.wav,5
4871.wav,5
4872.wav,5
4873.wav,5
4874.wav,5
4875.wav,5
4876.wav,5
4877.wav,3
4878.wav,5
4879.wav,5
4880.wav,5
4881.wav,5
4882.wav,4
4883.wav,4
4884.wav,5
4885.wav,4
4886.wav,4
4887.wav,4
4888.wav,4
4889.wav,4
4890.wav,4
4891.wav,2
4892.wav,3
4893.wav,2
4894.wav,4
4895.wav,3
4896.wav,4
4897.wav,3
4898.wav,3
4899.wav,3
4900.wav,3
4901.wav,3
4902.wav,4
4903.wav,3
4904.wav,4
4905.wav,3
4906.wav,2
4907.wav,4
4908.wav,3
4909.wav,2
4910.wav,2
4911.wav,2
4912.wav,2
4913.wav,2
4914.wav,2
4915.wav,2
4916.wav,2
4917.wav,2
4918.wav,2
4919.wav,2
4920.wav,2
4921.wav,2
4922.wav,2
4923.wav,2
4924.wav,2
4925.wav,2
4926.wav,2
4927.wav,2
4928.wav,2
4929.wav,2
4930.wav,3
4931.wav,2
4932.wav,2
4933.wav,2
4934.wav,3
4935.wav,2
4936.wav,2
4937.wav,2
4938.wav,2
4939.wav,2
4940.wav,2
4941.wav,2
4942.wav,4
4943.wav,4
4944.wav,4
4945.wav,4
4946.wav,4
4947.wav,4
4948.wav,4
4949.wav,4
4950.wav,4
4951.wav,4
4952.wav,4
4953.wav,4
4954.wav,4
4955.wav,4
4956.wav,4
4957.wav,4
4958.wav,4
4959.wav,4
4960.wav,4
4961.wav,4
4962.wav,4
4963.wav,4
4964.wav,4
4965.wav,4
4966.wav,4
4967.wav,4
4968.wav,4
4969.wav,4
4970.wav,3
4971.wav,4
4972.wav,4
4973.wav,4
4974.wav,4
4975.wav,4
4976.wav,4
4977.wav,4
4978.wav,4
4979.wav,4
4980.wav,4
4981.wav,4
4982.wav,4
4983.wav,4
4984.wav,4
4985.wav,4
4986.wav,4
4987.wav,4
4988.wav,4
4989.wav,4
4990.wav,4
4991.wav,4
4992.wav,4
4993.wav,4
4994.wav,4
4995.wav,4
4996.wav,4
4997.wav,4
4998.wav,4
4999.wav,4
5000.wav,4
5001.wav,4
5002.wav,4
5003.wav,4
5004.wav,4
5005.wav,4
5006.wav,4
5007.wav,4
5008.wav,4
5009.wav,4
5010.wav,4
5011.wav,4
5012.wav,4
5013.wav,4
5014.wav,4
5015.wav,4
5016.wav,4
5017.wav,4
5018.wav,4
5019.wav,4
5020.wav,4
5021.wav,4
5022.wav,4
5023.wav,4
5024.wav,4
5025.wav,4
5026.wav,4
5027.wav,4
5028.wav,4
5029.wav,4
5030.wav,4
5031.wav,4
5032.wav,4
5033.wav,4
5034.wav,4
5035.wav,4
5036.wav,4
5037.wav,4
5038.wav,4
5039.wav,4
5040.wav,4
5041.wav,4
5042.wav,4
5043.wav,4
5044.wav,4
5045.wav,4
5046.wav,4
5047.wav,4
5048.wav,4
5049.wav,4
5050.wav,3
5051.wav,4
5052.wav,4
5053.wav,3
5054.wav,4
5055.wav,4
5056.wav,3
5057.wav,3
5058.wav,4
5059.wav,4
5060.wav,3
5061.wav,3
5062.wav,3
5063.wav,3
5064.wav,3
5065.wav,3
5066.wav,3
5067.wav,3
5068.wav,3
5069.wav,3
5070.wav,3
5071.wav,4
5072.wav,3
5073.wav,3
5074.wav,3
5075.wav,4
5076.wav,3
5077.wav,3
5078.wav,3
5079.wav,3
5080.wav,3
5081.wav,4
5082.wav,4
5083.wav,4
5084.wav,4
5085.wav,4
5086.wav,4
5087.wav,4
5088.wav,4
5089.wav,4
5090.wav,4
5091.wav,4
5092.wav,4
5093.wav,4
5094.wav,4
5095.wav,4
5096.wav,4
5097.wav,4
5098.wav,4
5099.wav,4
5100.wav,4
5101.wav,4
5102.wav,4
5103.wav,4
5104.wav,4
5105.wav,4
5106.wav,4
5107.wav,4
5108.wav,4
5109.wav,4
5110.wav,4
5111.wav,4
5112.wav,4
5113.wav,4
5114.wav,4
5115.wav,4
5116.wav,4
5117.wav,4
5118.wav,4
5119.wav,4
5120.wav,4
5121.wav,4
5122.wav,4
5123.wav,4
5124.wav,4
5125.wav,4
5126.wav,4
5127.wav,4
5128.wav,4
5129.wav,4
5130.wav,4
5131.wav,4
5132.wav,4
5133.wav,4
5134.wav,4
5135.wav,4
5136.wav,4
5137.wav,4
5138.wav,4
5139.wav,4
5140.wav,4
5141.wav,4
5142.wav,4
5143.wav,4
5144.wav,4
5145.wav,4
5146.wav,4
5147.wav,4
5148.wav,4
5149.wav,4
5150.wav,4
5151.wav,4
5152.wav,4
5153.wav,4
5154.wav,4
5155.wav,4
5156.wav,4
5157.wav,4
5158.wav,4
5159.wav,4
5160.wav,4
5161.wav,4
5162.wav,4
5163.wav,5
5164.wav,5
5165.wav,5
5166.wav,5
5167.wav,5
5168.wav,5
5169.wav,4
5170.wav,4
5171.wav,5
5172.wav,5
5173.wav,5
5174.wav,5
5175.wav,5
5176.wav,5
5177.wav,5
5178.wav,5
5179.wav,4
5180.wav,5
5181.wav,5
5182.wav,5
5183.wav,5
5184.wav,4
5185.wav,5
5186.wav,4
5187.wav,5
5188.wav,5
5189.wav,5
5190.wav,5
5191.wav,5
5192.wav,5
5193.wav,5
5194.wav,5
5195.wav,5
5196.wav,5
5197.wav,5
5198.wav,5
5199.wav,5
5200.wav,5
5201.wav,5
5202.wav,5
5203.wav,5
5204.wav,5
5205.wav,5
5206.wav,5
5207.wav,5
5208.wav,5
5209.wav,5
5210.wav,5
5211.wav,5
5212.wav,5
5213.wav,5
5214.wav,4
5215.wav,5
5216.wav,5
5217.wav,5
5218.wav,5
5219.wav,5
5220.wav,4
5221.wav,5
5222.wav,3
5223.wav,3
5224.wav,3
5225.wav,3
5226.wav,3
5227.wav,3
5228.wav,3
5229.wav,3
5230.wav,3
5231.wav,3
5232.wav,3
5233.wav,3
5234.wav,3
5235.wav,4
5236.wav,3
5237.wav,2
5238.wav,2
5239.wav,2
5240.wav,2
5241.wav,3
5242.wav,3
5243.wav,2
5244.wav,2
5245.wav,2
5246.wav,2
5247.wav,2
5248.wav,2
5249.wav,2
5250.wav,2
5251.wav,2
5252.wav,2
5253.wav,3
5254.wav,2
5255.wav,2
5256.wav,2
5257.wav,3
5258.wav,3
5259.wav,3
5260.wav,3
5261.wav,3
5262.wav,3
5263.wav,4
5264.wav,3
5265.wav,4
5266.wav,3
5267.wav,3
5268.wav,3
5269.wav,3
5270.wav,2
5271.wav,4
5272.wav,3
5273.wav,3
5274.wav,4
5275.wav,4
5276.wav,4
5277.wav,4
5278.wav,4
5279.wav,4
5280.wav,4
5281.wav,4
5282.wav,4
5283.wav,4
5284.wav,3
5285.wav,4
5286.wav,3
5287.wav,3
5288.wav,4
5289.wav,4
5290.wav,3
5291.wav,4
5292.wav,3
5293.wav,4
5294.wav,3
5295.wav,3
5296.wav,3
5297.wav,3
5298.wav,3
5299.wav,3
5300.wav,4
5301.wav,4
5302.wav,4
5303.wav,2
5304.wav,4
5305.wav,4
5306.wav,4
5307.wav,4
5308.wav,4
5309.wav,4
5310.wav,4
5311.wav,4
5312.wav,4
5313.wav,4
5314.wav,4
5315.wav,4
5316.wav,4
5317.wav,4
5318.wav,4
5319.wav,4
5320.wav,4
5321.wav,3
5322.wav,4
5323.wav,4
5324.wav,3
5325.wav,2
5326.wav,4
5327.wav,3
5328.wav,4
5329.wav,3
5330.wav,3
5331.wav,4
5332.wav,4
5333.wav,4
5334.wav,3
5335.wav,2
5336.wav,2
5337.wav,2
5338.wav,2
5339.wav,2
5340.wav,2
5341.wav,2
5342.wav,4
5343.wav,2
5344.wav,4
5345.wav,4
5346.wav,4
5347.wav,4
5348.wav,4
5349.wav,4
5350.wav,4
5351.wav,4
5352.wav,4
5353.wav,4
5354.wav,4
5355.wav,4
5356.wav,4
5357.wav,4
5358.wav,4
5359.wav,4
5360.wav,4
5361.wav,4
5362.wav,4
5363.wav,4
5364.wav,4
5365.wav,3
5366.wav,4
5367.wav,4
5368.wav,3
5369.wav,4
5370.wav,3
5371.wav,4
5372.wav,4
5373.wav,4
5374.wav,4
5375.wav,4
5376.wav,4
5377.wav,4
5378.wav,4
5379.wav,4
5380.wav,3
5381.wav,4
5382.wav,4
5383.wav,4
5384.wav,4
5385.wav,4
5386.wav,4
5387.wav,4
5388.wav,4
5389.wav,4
5390.wav,4
5391.wav,4
5392.wav,4
5393.wav,4
5394.wav,4
5395.wav,4
5396.wav,4
5397.wav,4
5398.wav,4
5399.wav,4
5400.wav,4
5401.wav,4
5402.wav,4
5403.wav,4
5404.wav,4
5405.wav,4
5406.wav,4
5407.wav,4
5408.wav,4
5409.wav,4
5410.wav,4
5411.wav,4
5412.wav,4
5413.wav,4
5414.wav,4
5415.wav,4
5416.wav,3
5417.wav,4
5418.wav,4
5419.wav,4
5420.wav,4
5421.wav,4
5422.wav,4
5423.wav,5
5424.wav,5
5425.wav,5
5426.wav,5
5427.wav,5
5428.wav,5
5429.wav,5
5430.wav,4
5431.wav,5
5432.wav,5
5433.wav,5
5434.wav,5
5435.wav,5
5436.wav,5
5437.wav,5
5438.wav,5
5439.wav,5
5440.wav,5
5441.wav,4
5442.wav,4
5443.wav,4
5444.wav,4
5445.wav,4
5446.wav,4
5447.wav,4
5448.wav,4
5449.wav,4
5450.wav,4
5451.wav,4
5452.wav,4
5453.wav,5
5454.wav,5
5455.wav,5
5456.wav,5
5457.wav,5
5458.wav,5
5459.wav,5
5460.wav,5
5461.wav,5
5462.wav,5
5463.wav,5
5464.wav,5
5465.wav,5
5466.wav,5
5467.wav,5
5468.wav,5
5469.wav,5
5470.wav,5
5471.wav,5
5472.wav,5
5473.wav,5
5474.wav,5
5475.wav,5
5476.wav,5
5477.wav,5
5478.wav,5
5479.wav,5
5480.wav,5
5481.wav,5
5482.wav,5
5483.wav,5
5484.wav,5
5485.wav,5
5486.wav,5
5487.wav,5
5488.wav,3
5489.wav,3
5490.wav,4
5491.wav,3
5492.wav,3
5493.wav,2
5494.wav,2
5495.wav,2
5496.wav,2
5497.wav,2
5498.wav,2
5499.wav,2
5500.wav,2
5501.wav,2
5502.wav,2
5503.wav,2
5504.wav,2
5505.wav,2
5506.wav,2
5507.wav,2
5508.wav,2
5509.wav,2
5510.wav,2
5511.wav,1
5512.wav,1
5513.wav,1
5514.wav,1
5515.wav,1
5516.wav,1
5517.wav,1
5518.wav,4
5519.wav,4
5520.wav,3
5521.wav,4
5522.wav,4
5523.wav,3
5524.wav,3
5525.wav,4
5526.wav,3
5527.wav,4
5528.wav,3
5529.wav,3
5530.wav,3
5531.wav,2
5532.wav,2
5533.wav,2
5534.wav,3
5535.wav,2
5536.wav,3
5537.wav,2
5538.wav,2
5539.wav,2
5540.wav,2
5541.wav,2
5542.wav,2
5543.wav,2
5544.wav,2
5545.wav,2
5546.wav,2
5547.wav,2
5548.wav,1
5549.wav,4
5550.wav,4
5551.wav,3
5552.wav,3
5553.wav,4
5554.wav,3
5555.wav,4
5556.wav,4
5557.wav,3
5558.wav,4
5559.wav,4
5560.wav,4
5561.wav,4
5562.wav,4
5563.wav,4
5564.wav,3
5565.wav,3
5566.wav,4
5567.wav,3
5568.wav,4
5569.wav,4
5570.wav,4
5571.wav,4
5572.wav,4
5573.wav,4
5574.wav,3
5575.wav,3
5576.wav,4
5577.wav,3
5578.wav,2
5579.wav,4
5580.wav,4
5581.wav,4
5582.wav,4
5583.wav,4
5584.wav,4
5585.wav,4
5586.wav,4
5587.wav,4
5588.wav,4
5589.wav,4
5590.wav,4
5591.wav,4
5592.wav,4
5593.wav,4
5594.wav,4
5595.wav,4
5596.wav,4
5597.wav,4
5598.wav,4
5599.wav,4
5600.wav,4
5601.wav,4
5602.wav,4
5603.wav,4
5604.wav,4
5605.wav,4
5606.wav,4
5607.wav,4
5608.wav,4
5609.wav,4
5610.wav,4
5611.wav,4
5612.wav,4
5613.wav,2
5614.wav,2
5615.wav,4
5616.wav,4
5617.wav,4
5618.wav,3
5619.wav,4
5620.wav,3
5621.wav,2
5622.wav,2
5623.wav,3
5624.wav,4
5625.wav,4
5626.wav,3
5627.wav,4
5628.wav,4
5629.wav,2
5630.wav,4
5631.wav,4
5632.wav,4
5633.wav,4
5634.wav,3
5635.wav,2
5636.wav,3
5637.wav,2
5638.wav,2
5639.wav,4
5640.wav,4
5641.wav,4
5642.wav,3
5643.wav,2
5644.wav,2
5645.wav,3
5646.wav,3
5647.wav,2
5648.wav,3
5649.wav,4
5650.wav,2
5651.wav,2
5652.wav,4
5653.wav,3
5654.wav,3
5655.wav,4
5656.wav,3
5657.wav,3
5658.wav,3
5659.wav,2
5660.wav,3
5661.wav,3
5662.wav,3
5663.wav,4
5664.wav,2
5665.wav,4
5666.wav,4
5667.wav,2
5668.wav,5
5669.wav,5
5670.wav,5
5671.wav,5
5672.wav,5
5673.wav,5
5674.wav,5
5675.wav,5
5676.wav,5
5677.wav,5
5678.wav,5
5679.wav,5
5680.wav,5
5681.wav,5
5682.wav,5
5683.wav,5
5684.wav,5
5685.wav,5
5686.wav,5
5687.wav,5
5688.wav,5
5689.wav,5
5690.wav,5
5691.wav,5
5692.wav,5
5693.wav,5
5694.wav,5
5695.wav,5
5696.wav,5
5697.wav,5
5698.wav,5
5699.wav,5
5700.wav,5
5701.wav,5
5702.wav,5
5703.wav,5
5704.wav,5
5705.wav,5
5706.wav,5
5707.wav,5
5708.wav,5
5709.wav,5
5710.wav,5
5711.wav,5
5712.wav,5
5713.wav,5
5714.wav,5
5715.wav,5
5716.wav,5
5717.wav,5
5718.wav,5
5719.wav,5
5720.wav,5
5721.wav,5
5722.wav,5
5723.wav,5
5724.wav,5
5725.wav,5
5726.wav,5
5727.wav,5
5728.wav,5
5729.wav,5
5730.wav,5
5731.wav,5
5732.wav,2
5733.wav,2
5734.wav,2
5735.wav,2
5736.wav,2
5737.wav,2
5738.wav,2
5739.wav,2
5740.wav,2
5741.wav,2
5742.wav,2
5743.wav,2
5744.wav,2
5745.wav,2
5746.wav,2
5747.wav,2
5748.wav,2
5749.wav,2
5750.wav,2
5751.wav,2
5752.wav,2
5753.wav,2
5754.wav,2
5755.wav,2
5756.wav,3
5757.wav,3
5758.wav,3
5759.wav,3
5760.wav,3
5761.wav,3
5762.wav,3
5763.wav,4
5764.wav,3
5765.wav,3
5766.wav,3
5767.wav,4
5768.wav,3
5769.wav,3
5770.wav,3
5771.wav,3
5772.wav,3
5773.wav,2
5774.wav,3
5775.wav,3
5776.wav,3
5777.wav,2
5778.wav,2
5779.wav,2
5780.wav,2
5781.wav,2
5782.wav,2
5783.wav,2
5784.wav,1
5785.wav,1
5786.wav,3
5787.wav,3
5788.wav,3
5789.wav,3
5790.wav,3
5791.wav,2
5792.wav,2
5793.wav,2
5794.wav,2
5795.wav,2
5796.wav,3
5797.wav,3
5798.wav,3
5799.wav,4
5800.wav,3
5801.wav,3
5802.wav,3
5803.wav,3
5804.wav,3
5805.wav,3
5806.wav,3
5807.wav,2
5808.wav,3
5809.wav,3
5810.wav,3
5811.wav,3
5812.wav,3
5813.wav,3
5814.wav,3
5815.wav,3
5816.wav,3
5817.wav,3
5818.wav,3
5819.wav,3
5820.wav,3
5821.wav,2
5822.wav,4
5823.wav,4
5824.wav,4
5825.wav,2
5826.wav,4
5827.wav,4
5828.wav,4
5829.wav,4
5830.wav,4
5831.wav,4
5832.wav,4
5833.wav,4
5834.wav,4
5835.wav,4
5836.wav,4
5837.wav,3
5838.wav,4
5839.wav,4
5840.wav,4
5841.wav,4
5842.wav,4
5843.wav,4
5844.wav,4
5845.wav,4
5846.wav,4
5847.wav,4
5848.wav,4
5849.wav,4
5850.wav,4
5851.wav,4
5852.wav,3
5853.wav,3
5854.wav,4
5855.wav,4
5856.wav,4
5857.wav,4
5858.wav,3
5859.wav,4
5860.wav,4
5861.wav,4
5862.wav,4
5863.wav,4
5864.wav,4
5865.wav,4
5866.wav,3
5867.wav,3
5868.wav,3
5869.wav,4
5870.wav,4
5871.wav,4
5872.wav,4
5873.wav,4
5874.wav,4
5875.wav,4
5876.wav,4
5877.wav,4
5878.wav,4
5879.wav,4
5880.wav,4
5881.wav,4
5882.wav,4
5883.wav,3
5884.wav,4
5885.wav,5
5886.wav,5
5887.wav,5
5888.wav,5
5889.wav,5
5890.wav,5
5891.wav,5
5892.wav,5
5893.wav,5
5894.wav,5
5895.wav,5
5896.wav,5
5897.wav,4
5898.wav,5
5899.wav,5
5900.wav,5
5901.wav,5
5902.wav,5
5903.wav,5
5904.wav,5
5905.wav,5
5906.wav,5
5907.wav,5
5908.wav,5
5909.wav,5
5910.wav,5
5911.wav,5
5912.wav,4
5913.wav,3
5914.wav,5
5915.wav,5
5916.wav,5
5917.wav,5
5918.wav,5
5919.wav,5
5920.wav,5
5921.wav,5
5922.wav,5
5923.wav,5
5924.wav,5
5925.wav,5
5926.wav,5
5927.wav,5
5928.wav,5
5929.wav,5
5930.wav,5
5931.wav,5
5932.wav,5
5933.wav,5
5934.wav,5
5935.wav,5
5936.wav,5
5937.wav,5
5938.wav,5
5939.wav,5
5940.wav,5
5941.wav,5
5942.wav,5
5943.wav,5
5944.wav,5
5945.wav,5
5946.wav,5
5947.wav,5
5948.wav,5
5949.wav,3
5950.wav,5
5951.wav,5
5952.wav,5
5953.wav,5
5954.wav,5
5955.wav,5
5956.wav,5
5957.wav,5
5958.wav,5
5959.wav,5
5960.wav,4
5961.wav,4
5962.wav,5
5963.wav,5
5964.wav,5
5965.wav,5
5966.wav,5
5967.wav,5
5968.wav,5
5969.wav,5
5970.wav,4
5971.wav,4
5972.wav,4
5973.wav,5
5974.wav,5
5975.wav,5
5976.wav,5
5977.wav,5
5978.wav,5
5979.wav,5
5980.wav,5
5981.wav,5
5982.wav,5
5983.wav,5
5984.wav,5
5985.wav,5
5986.wav,5
5987.wav,5
5988.wav,5
5989.wav,5
5990.wav,5
5991.wav,5
5992.wav,5
5993.wav,5
5994.wav,5
5995.wav,5
5996.wav,5
5997.wav,5
5998.wav,5
5999.wav,5
6000.wav,5
6001.wav,5
6002.wav,2
6003.wav,2
6004.wav,2
6005.wav,2
6006.wav,2
6007.wav,2
6008.wav,2
6009.wav,2
6010.wav,2
6011.wav,2
6012.wav,2
6013.wav,2
6014.wav,2
6015.wav,2
6016.wav,2
6017.wav,2
6018.wav,2
6019.wav,2
6020.wav,2
6021.wav,2
6022.wav,2
6023.wav,2
6024.wav,2
6025.wav,2
6026.wav,2
6027.wav,4
6028.wav,3
6029.wav,2
6030.wav,2
6031.wav,2
6032.wav,2
6033.wav,2
6034.wav,2
6035.wav,2
6036.wav,2
6037.wav,2
6038.wav,2
6039.wav,2
6040.wav,2
6041.wav,2
6042.wav,2
6043.wav,2
6044.wav,2
6045.wav,2
6046.wav,3
6047.wav,3
6048.wav,4
6049.wav,4
6050.wav,3
6051.wav,3
6052.wav,4
6053.wav,4
6054.wav,3
6055.wav,3
6056.wav,3
6057.wav,4
6058.wav,3
6059.wav,4
6060.wav,3
6061.wav,4
6062.wav,4
6063.wav,3
6064.wav,4
6065.wav,3
6066.wav,4
6067.wav,3
6068.wav,4
6069.wav,4
6070.wav,4
6071.wav,3
6072.wav,3
6073.wav,3
6074.wav,3
6075.wav,4
6076.wav,4
6077.wav,4
6078.wav,4
6079.wav,4
6080.wav,4
6081.wav,4
6082.wav,4
6083.wav,4
6084.wav,4
6085.wav,4
6086.wav,4
6087.wav,4
6088.wav,4
6089.wav,4
6090.wav,4
6091.wav,4
6092.wav,5
6093.wav,5
6094.wav,5
6095.wav,5
6096.wav,5
6097.wav,5
6098.wav,5
6099.wav,5
6100.wav,5
6101.wav,5
6102.wav,5
6103.wav,5
6104.wav,5
6105.wav,4
6106.wav,4
6107.wav,4
6108.wav,4
6109.wav,4
6110.wav,4
6111.wav,4
6112.wav,4
6113.wav,5
6114.wav,4
6115.wav,4
6116.wav,5
6117.wav,1
6118.wav,1
6119.wav,1
6120.wav,1
6121.wav,1
6122.wav,1
6123.wav,1
6124.wav,1
6125.wav,1
6126.wav,1
6127.wav,1
6128.wav,1
6129.wav,1
6130.wav,1
6131.wav,1
6132.wav,4
6133.wav,4
6134.wav,4
6135.wav,4
6136.wav,4
6137.wav,4
6138.wav,3
6139.wav,2
6140.wav,3
6141.wav,3
6142.wav,3
6143.wav,3
6144.wav,4
6145.wav,4
6146.wav,4
6147.wav,1
6148.wav,1
6149.wav,1
6150.wav,1
6151.wav,2
6152.wav,2
6153.wav,2
6154.wav,1
6155.wav,2
6156.wav,1
6157.wav,1
6158.wav,1
6159.wav,1
6160.wav,1
6161.wav,2
6162.wav,1
6163.wav,1
6164.wav,1
6165.wav,2
6166.wav,2
6167.wav,2
6168.wav,2
6169.wav,2
6170.wav,1
6171.wav,1
6172.wav,1
6173.wav,1
6174.wav,1
6175.wav,1
6176.wav,1
6177.wav,1
6178.wav,3
6179.wav,2
6180.wav,2
6181.wav,4
6182.wav,4
6183.wav,4
6184.wav,4
6185.wav,4
6186.wav,4
6187.wav,2
6188.wav,2
6189.wav,2
6190.wav,4
6191.wav,4
6192.wav,4
6193.wav,2
6194.wav,2
6195.wav,4
6196.wav,2
6197.wav,2
6198.wav,2
6199.wav,4
6200.wav,4
6201.wav,4
6202.wav,4
6203.wav,4
6204.wav,4
6205.wav,4
6206.wav,4
6207.wav,4
6208.wav,4
6209.wav,3
6210.wav,3
6211.wav,4
6212.wav,4
6213.wav,3
6214.wav,3
6215.wav,4
6216.wav,2
6217.wav,3
6218.wav,3
6219.wav,2
6220.wav,3
6221.wav,3
6222.wav,3
6223.wav,4
6224.wav,3
6225.wav,3
6226.wav,3
6227.wav,4
6228.wav,3
6229.wav,2
6230.wav,4
6231.wav,4
6232.wav,4
6233.wav,4
6234.wav,4
6235.wav,4
6236.wav,4
6237.wav,4
6238.wav,4
6239.wav,4
6240.wav,4
6241.wav,4
6242.wav,4
6243.wav,4
6244.wav,4
6245.wav,4
6246.wav,4
6247.wav,4
6248.wav,4
6249.wav,4
6250.wav,4
6251.wav,4
6252.wav,4
6253.wav,4
6254.wav,4
6255.wav,4
6256.wav,4
6257.wav,4
6258.wav,4
6259.wav,4
6260.wav,4
6261.wav,4
6262.wav,2
6263.wav,3
6264.wav,4
6265.wav,3
6266.wav,3
6267.wav,2
6268.wav,3
6269.wav,3
6270.wav,4
6271.wav,4
6272.wav,4
6273.wav,3
6274.wav,4
6275.wav,4
6276.wav,4
6277.wav,4
6278.wav,2
6279.wav,2
6280.wav,4
6281.wav,2
6282.wav,4
6283.wav,4
6284.wav,4
6285.wav,4
6286.wav,4
6287.wav,4
6288.wav,2
6289.wav,4
6290.wav,3
6291.wav,3
6292.wav,2
6293.wav,4
6294.wav,4
6295.wav,4
6296.wav,3
6297.wav,4
6298.wav,4
6299.wav,4
6300.wav,4
6301.wav,4
6302.wav,4
6303.wav,4
6304.wav,4
6305.wav,4
6306.wav,4
6307.wav,4
6308.wav,4
6309.wav,4
6310.wav,4
6311.wav,4
6312.wav,4
6313.wav,4
6314.wav,4
6315.wav,4
6316.wav,4
6317.wav,4
6318.wav,4
6319.wav,4
6320.wav,4
6321.wav,4
6322.wav,3
6323.wav,3
6324.wav,4
6325.wav,4
6326.wav,4
6327.wav,3
6328.wav,4
6329.wav,4
6330.wav,4
6331.wav,4
6332.wav,3
6333.wav,4
6334.wav,4
6335.wav,4
6336.wav,4
6337.wav,4
6338.wav,4
6339.wav,4
6340.wav,3
6341.wav,4
6342.wav,4
6343.wav,4
6344.wav,4
6345.wav,4
6346.wav,3
6347.wav,4
6348.wav,4
6349.wav,4
6350.wav,4
6351.wav,4
6352.wav,2
6353.wav,2
6354.wav,3
6355.wav,3
6356.wav,3
6357.wav,2
6358.wav,4
6359.wav,4
6360.wav,4
6361.wav,4
6362.wav,2
6363.wav,3
6364.wav,3
6365.wav,3
6366.wav,4
6367.wav,4
6368.wav,4
6369.wav,4
6370.wav,2
6371.wav,4
6372.wav,4
6373.wav,4
6374.wav,2
6375.wav,4
6376.wav,3
6377.wav,4
6378.wav,3
6379.wav,4
6380.wav,4
6381.wav,3
6382.wav,1
6383.wav,1
6384.wav,1
6385.wav,1
6386.wav,1
6387.wav,4
6388.wav,4
6389.wav,2
6390.wav,4
6391.wav,2
6392.wav,2
6393.wav,4
6394.wav,4
6395.wav,3
6396.wav,3
6397.wav,4
6398.wav,3
6399.wav,3
6400.wav,4
6401.wav,3
6402.wav,4
6403.wav,4
6404.wav,3
6405.wav,4
6406.wav,4
6407.wav,4
6408.wav,4
6409.wav,4
6410.wav,4
6411.wav,4
6412.wav,4
6413.wav,3
6414.wav,4
6415.wav,4
6416.wav,3
6417.wav,3
6418.wav,4
6419.wav,4
6420.wav,3
6421.wav,4
6422.wav,4
6423.wav,4
6424.wav,4
6425.wav,4
6426.wav,4
6427.wav,3
6428.wav,1
6429.wav,1
6430.wav,4
6431.wav,4
6432.wav,5
6433.wav,5
6434.wav,5
6435.wav,5
6436.wav,5
6437.wav,5
6438.wav,4
6439.wav,5
6440.wav,5
6441.wav,5
6442.wav,5
6443.wav,5
6444.wav,5
6445.wav,5
6446.wav,5
6447.wav,5
6448.wav,5
6449.wav,5
6450.wav,4
6451.wav,4
6452.wav,4
6453.wav,4
6454.wav,4
6455.wav,4
6456.wav,2
6457.wav,3
6458.wav,4
6459.wav,4
6460.wav,4
6461.wav,3
6462.wav,4
6463.wav,2
6464.wav,2
6465.wav,2
6466.wav,4
6467.wav,4
6468.wav,3
6469.wav,3
6470.wav,4
6471.wav,4
6472.wav,3
6473.wav,3
6474.wav,4
6475.wav,3
6476.wav,4
6477.wav,2
6478.wav,4
6479.wav,3
6480.wav,2
6481.wav,2
6482.wav,4
6483.wav,4
6484.wav,4
6485.wav,3
6486.wav,2
6487.wav,2
6488.wav,3
6489.wav,3
6490.wav,3
6491.wav,3
6492.wav,3
6493.wav,2
6494.wav,2
6495.wav,2
6496.wav,4
6497.wav,3
6498.wav,4
6499.wav,2
6500.wav,3
6501.wav,2
6502.wav,4
6503.wav,3
6504.wav,2
6505.wav,3
6506.wav,4
6507.wav,2
6508.wav,4
6509.wav,2
6510.wav,4
6511.wav,4
6512.wav,4
6513.wav,4
6514.wav,4
6515.wav,4
6516.wav,4
6517.wav,4
6518.wav,4
6519.wav,4
6520.wav,4
6521.wav,5
6522.wav,5
6523.wav,5
6524.wav,4
6525.wav,4
6526.wav,5
6527.wav,5
6528.wav,4
6529.wav,5
6530.wav,5
6531.wav,4
6532.wav,4
6533.wav,4
6534.wav,5
6535.wav,5
6536.wav,4
6537.wav,4
6538.wav,4
6539.wav,4
6540.wav,4
6541.wav,4
6542.wav,4
6543.wav,4
6544.wav,5
6545.wav,4
6546.wav,4
6547.wav,4
6548.wav,4
6549.wav,4
6550.wav,4
6551.wav,4
6552.wav,5
6553.wav,5
6554.wav,5
6555.wav,4
6556.wav,5
6557.wav,5
6558.wav,5
6559.wav,5
6560.wav,5
6561.wav,5
6562.wav,4
6563.wav,4
6564.wav,4
6565.wav,4
6566.wav,4
6567.wav,4
6568.wav,4
6569.wav,5
6570.wav,5
6571.wav,5
6572.wav,2
6573.wav,3
6574.wav,3
6575.wav,3
6576.wav,3
6577.wav,3
6578.wav,3
6579.wav,3
6580.wav,3
6581.wav,3
6582.wav,3
6583.wav,2
6584.wav,2
6585.wav,2
6586.wav,2
6587.wav,2
6588.wav,2
6589.wav,2
6590.wav,2
6591.wav,2
6592.wav,3
6593.wav,2
6594.wav,2
6595.wav,2
6596.wav,4
6597.wav,4
6598.wav,4
6599.wav,3
6600.wav,4
6601.wav,4
6602.wav,4
6603.wav,4
6604.wav,4
6605.wav,4
6606.wav,4
6607.wav,4
6608.wav,3
6609.wav,3
6610.wav,3
6611.wav,3
6612.wav,3
6613.wav,3
6614.wav,4
6615.wav,4
6616.wav,4
6617.wav,4
6618.wav,3
6619.wav,4
6620.wav,1
6621.wav,4
6622.wav,4
6623.wav,4
6624.wav,4
6625.wav,4
6626.wav,3
6627.wav,3
6628.wav,2
6629.wav,3
6630.wav,3
6631.wav,3
6632.wav,2
6633.wav,2
6634.wav,2
6635.wav,4
6636.wav,3
6637.wav,3
6638.wav,3
6639.wav,3
6640.wav,3
6641.wav,3
6642.wav,3
6643.wav,3
6644.wav,4
6645.wav,3
6646.wav,3
6647.wav,1
6648.wav,4
6649.wav,4
6650.wav,4
6651.wav,4
6652.wav,4
6653.wav,4
6654.wav,4
6655.wav,3
6656.wav,4
6657.wav,4
6658.wav,3
6659.wav,3
6660.wav,3
6661.wav,4
6662.wav,4
6663.wav,3
6664.wav,4
6665.wav,3
6666.wav,4
6667.wav,4
6668.wav,3
6669.wav,2
6670.wav,2
6671.wav,4
6672.wav,4
6673.wav,4
6674.wav,2
6675.wav,2
6676.wav,2
6677.wav,2
6678.wav,1
6679.wav,1
6680.wav,1
6681.wav,1
6682.wav,1
6683.wav,1
6684.wav,1
6685.wav,1
6686.wav,1
6687.wav,1
6688.wav,1
6689.wav,1
6690.wav,1
6691.wav,1
6692.wav,1
6693.wav,1
6694.wav,1
6695.wav,1
6696.wav,1
6697.wav,3
6698.wav,1
6699.wav,2
6700.wav,2
6701.wav,2
6702.wav,2
6703.wav,1
6704.wav,2
6705.wav,2
6706.wav,2
6707.wav,2
6708.wav,2
6709.wav,2
6710.wav,2
6711.wav,2
6712.wav,2
6713.wav,2
6714.wav,2
6715.wav,2
6716.wav,2
6717.wav,2
6718.wav,2
6719.wav,3
6720.wav,1
6721.wav,2
6722.wav,3
6723.wav,3
6724.wav,4
6725.wav,3
6726.wav,3
6727.wav,2
6728.wav,2
6729.wav,3
6730.wav,2
6731.wav,3
6732.wav,3
6733.wav,3
6734.wav,3
6735.wav,4
6736.wav,2
6737.wav,2
6738.wav,2
6739.wav,2
6740.wav,2
6741.wav,4
6742.wav,3
6743.wav,3
6744.wav,2
6745.wav,2
6746.wav,2
6747.wav,2
6748.wav,2
6749.wav,2
6750.wav,2
6751.wav,2
6752.wav,2
6753.wav,1
6754.wav,4
6755.wav,4
6756.wav,1
6757.wav,1
6758.wav,4
6759.wav,4
6760.wav,4
6761.wav,4
6762.wav,4
6763.wav,4
6764.wav,4
6765.wav,4
6766.wav,2
6767.wav,4
6768.wav,4
6769.wav,4
6770.wav,1
6771.wav,4
6772.wav,4
6773.wav,4
6774.wav,1
6775.wav,1
6776.wav,1
6777.wav,2
6778.wav,2
6779.wav,1
6780.wav,1
6781.wav,1
6782.wav,2
6783.wav,1
6784.wav,1
6785.wav,1
6786.wav,1
6787.wav,1
6788.wav,2
6789.wav,1
6790.wav,1
6791.wav,1
6792.wav,1
6793.wav,1
6794.wav,1
6795.wav,1
6796.wav,3
6797.wav,1
6798.wav,1
6799.wav,1
6800.wav,1
6801.wav,1
6802.wav,1
6803.wav,1
6804.wav,1
6805.wav,1
6806.wav,1
6807.wav,1
6808.wav,1
6809.wav,1
6810.wav,1
6811.wav,1
6812.wav,1
6813.wav,1
6814.wav,1
6815.wav,4
6816.wav,4
6817.wav,4
6818.wav,4
6819.wav,4
6820.wav,4
6821.wav,3
6822.wav,2
6823.wav,2
6824.wav,3
6825.wav,3
6826.wav,3
6827.wav,4
6828.wav,4
6829.wav,4
6830.wav,4
6831.wav,4
6832.wav,4
6833.wav,4
6834.wav,4
6835.wav,4
6836.wav,4
6837.wav,4
6838.wav,4
6839.wav,4
6840.wav,5
6841.wav,5
6842.wav,5
6843.wav,4
6844.wav,4
6845.wav,4
6846.wav,4
6847.wav,4
6848.wav,4
6849.wav,4
6850.wav,4
6851.wav,4
6852.wav,4
6853.wav,4
6854.wav,4
6855.wav,4
6856.wav,4
6857.wav,4
6858.wav,4
6859.wav,4
6860.wav,4
6861.wav,5
6862.wav,4
6863.wav,4
6864.wav,4
6865.wav,4
6866.wav,4
6867.wav,4
6868.wav,4
6869.wav,4
6870.wav,4
6871.wav,4
6872.wav,4
6873.wav,5
6874.wav,4
6875.wav,4
6876.wav,4
6877.wav,4
6878.wav,4
6879.wav,4
6880.wav,5
6881.wav,4
6882.wav,4
6883.wav,4
6884.wav,4
6885.wav,4
6886.wav,4
6887.wav,4
6888.wav,4
6889.wav,4
6890.wav,4
6891.wav,4
6892.wav,4
6893.wav,4
6894.wav,4
6895.wav,4
6896.wav,4
6897.wav,4
6898.wav,4
6899.wav,4
6900.wav,4
6901.wav,4
6902.wav,4
6903.wav,4
6904.wav,4
6905.wav,4
6906.wav,2
6907.wav,4
6908.wav,4
6909.wav,4
6910.wav,4
6911.wav,4
6912.wav,4
6913.wav,4
6914.wav,4
6915.wav,2
6916.wav,4
6917.wav,4
6918.wav,4
6919.wav,3
6920.wav,4
6921.wav,4
6922.wav,4
6923.wav,4
6924.wav,4
6925.wav,4
6926.wav,3
6927.wav,4
6928.wav,4
6929.wav,3
6930.wav,4
6931.wav,4
6932.wav,4
6933.wav,3
6934.wav,4
6935.wav,4
6936.wav,3
6937.wav,4
6938.wav,4
6939.wav,3
6940.wav,4
6941.wav,3
6942.wav,4
6943.wav,4
6944.wav,4
6945.wav,3
6946.wav,4
6947.wav,4
6948.wav,4
6949.wav,4
6950.wav,4
6951.wav,4
6952.wav,4
6953.wav,4
6954.wav,4
6955.wav,3
6956.wav,2
6957.wav,4
6958.wav,4
6959.wav,4
6960.wav,4
6961.wav,4
6962.wav,4
6963.wav,5
6964.wav,5
6965.wav,5
6966.wav,5
6967.wav,4
6968.wav,5
6969.wav,5
6970.wav,5
6971.wav,4
6972.wav,5
6973.wav,5
6974.wav,5
6975.wav,5
6976.wav,5
6977.wav,5
6978.wav,5
6979.wav,5
6980.wav,5
6981.wav,2
6982.wav,4
6983.wav,4
6984.wav,5
6985.wav,5
6986.wav,5
6987.wav,5
6988.wav,5
6989.wav,5
6990.wav,5
6991.wav,5
6992.wav,5
6993.wav,5
6994.wav,5
6995.wav,5
6996.wav,5
6997.wav,5
6998.wav,5
6999.wav,5
7000.wav,5
7001.wav,5
7002.wav,5
7003.wav,5
7004.wav,5
7005.wav,5
7006.wav,4
7007.wav,4
7008.wav,4
7009.wav,4
7010.wav,4
7011.wav,4
7012.wav,4
7013.wav,2
7014.wav,4
7015.wav,4
7016.wav,4
7017.wav,3
7018.wav,4
7019.wav,4
7020.wav,1
7021.wav,4
7022.wav,4
7023.wav,4
7024.wav,4
7025.wav,4
7026.wav,4
7027.wav,4
7028.wav,4
7029.wav,4
7030.wav,4
7031.wav,1
7032.wav,4
7033.wav,4
7034.wav,4
7035.wav,5
7036.wav,5
7037.wav,5
7038.wav,5
7039.wav,5
7040.wav,5
7041.wav,5
7042.wav,4
7043.wav,5
7044.wav,5
7045.wav,5
7046.wav,4
7047.wav,4
7048.wav,4
7049.wav,4
7050.wav,4
7051.wav,4
7052.wav,5
7053.wav,5
7054.wav,5
7055.wav,5
7056.wav,5
7057.wav,5
7058.wav,4
7059.wav,4
7060.wav,4
7061.wav,5
7062.wav,5
7063.wav,5
7064.wav,3
7065.wav,2
7066.wav,2
7067.wav,2
7068.wav,2
7069.wav,2
7070.wav,2
7071.wav,2
7072.wav,2
7073.wav,2
7074.wav,2
7075.wav,2
7076.wav,2
7077.wav,2
7078.wav,3
7079.wav,3
7080.wav,3
7081.wav,4
7082.wav,2
7083.wav,3
7084.wav,2
7085.wav,2
7086.wav,2
7087.wav,2
7088.wav,1
7089.wav,3
7090.wav,4
7091.wav,2
7092.wav,2
7093.wav,2
7094.wav,3
7095.wav,3
7096.wav,4
7097.wav,2
7098.wav,4
7099.wav,1
7100.wav,2
7101.wav,2
7102.wav,3
7103.wav,3
7104.wav,4
7105.wav,4
7106.wav,4
7107.wav,2
7108.wav,2
7109.wav,2
7110.wav,2
7111.wav,2
7112.wav,2
7113.wav,4
7114.wav,4
7115.wav,4
7116.wav,4
7117.wav,4
7118.wav,4
7119.wav,4
7120.wav,4
7121.wav,4
7122.wav,4
7123.wav,4
7124.wav,4
7125.wav,4
7126.wav,4
7127.wav,4
7128.wav,3
7129.wav,4
7130.wav,4
7131.wav,4
7132.wav,3
7133.wav,3
7134.wav,4
7135.wav,4
7136.wav,4
7137.wav,3
7138.wav,4
7139.wav,4
7140.wav,4
7141.wav,4
7142.wav,4
7143.wav,4
7144.wav,4
7145.wav,4
7146.wav,4
7147.wav,4
7148.wav,4
7149.wav,4
7150.wav,4
7151.wav,4
7152.wav,4
7153.wav,4
7154.wav,4
7155.wav,4
7156.wav,4
7157.wav,4
7158.wav,4
7159.wav,4
7160.wav,3
7161.wav,4
7162.wav,4
7163.wav,4
7164.wav,4
7165.wav,4
7166.wav,4
7167.wav,4
7168.wav,4
7169.wav,4
7170.wav,4
7171.wav,4
7172.wav,4
7173.wav,4
7174.wav,4
7175.wav,4
7176.wav,4
7177.wav,3
7178.wav,4
7179.wav,4
7180.wav,4
7181.wav,4
7182.wav,4
7183.wav,4
7184.wav,4
7185.wav,3
7186.wav,3
7187.wav,3
7188.wav,3
7189.wav,2
7190.wav,2
7191.wav,3
7192.wav,3
7193.wav,3
7194.wav,3
7195.wav,3
7196.wav,3
7197.wav,3
7198.wav,3
7199.wav,3
7200.wav,3
7201.wav,3
7202.wav,3
7203.wav,3
7204.wav,1
7205.wav,4
7206.wav,4
7207.wav,4
7208.wav,4
7209.wav,4
7210.wav,4
7211.wav,4
7212.wav,3
7213.wav,3
7214.wav,4
7215.wav,3
7216.wav,3
7217.wav,4
7218.wav,4
7219.wav,4
7220.wav,4
7221.wav,4
7222.wav,4
7223.wav,4
7224.wav,4
7225.wav,3
7226.wav,3
7227.wav,3
7228.wav,4
7229.wav,4
7230.wav,4
7231.wav,4
7232.wav,4
7233.wav,4
7234.wav,4
7235.wav,4
7236.wav,4
7237.wav,4
7238.wav,4
7239.wav,4
7240.wav,4
7241.wav,4
7242.wav,4
7243.wav,4
7244.wav,4
7245.wav,4
7246.wav,4
7247.wav,4
7248.wav,3
7249.wav,4
7250.wav,4
7251.wav,4
7252.wav,4
7253.wav,4
7254.wav,2
7255.wav,2
7256.wav,4
7257.wav,4
7258.wav,4
7259.wav,4
7260.wav,4
7261.wav,4
7262.wav,4
7263.wav,4
7264.wav,3
7265.wav,4
7266.wav,4
7267.wav,4
7268.wav,4
7269.wav,3
7270.wav,3
7271.wav,4
7272.wav,3
7273.wav,4
7274.wav,4
7275.wav,4
7276.wav,4
7277.wav,4
7278.wav,4
7279.wav,4
7280.wav,4
7281.wav,4
7282.wav,4
7283.wav,4
7284.wav,4
7285.wav,4
7286.wav,4
7287.wav,2
7288.wav,4
7289.wav,4
7290.wav,4
7291.wav,4
7292.wav,4
7293.wav,3
7294.wav,2
7295.wav,4
7296.wav,4
7297.wav,4
7298.wav,4
7299.wav,4
7300.wav,4
7301.wav,4
7302.wav,4
7303.wav,4
7304.wav,3
7305.wav,2
7306.wav,4
7307.wav,4
7308.wav,5
7309.wav,5
7310.wav,5
7311.wav,5
7312.wav,5
7313.wav,5
7314.wav,5
7315.wav,5
7316.wav,5
7317.wav,5
7318.wav,5
7319.wav,4
7320.wav,4
7321.wav,5
7322.wav,4
7323.wav,4
7324.wav,5
7325.wav,5
7326.wav,5
7327.wav,5
7328.wav,5
7329.wav,5
7330.wav,5
7331.wav,5
7332.wav,5
7333.wav,4
7334.wav,5
7335.wav,5
7336.wav,5
7337.wav,2
7338.wav,4
7339.wav,4
7340.wav,5
7341.wav,5
7342.wav,5
7343.wav,5
7344.wav,4
7345.wav,4
7346.wav,4
7347.wav,4
7348.wav,4
7349.wav,4
7350.wav,4
7351.wav,4
7352.wav,4
7353.wav,4
7354.wav,4
7355.wav,4
7356.wav,4
7357.wav,4
7358.wav,4
7359.wav,4
7360.wav,4
7361.wav,4
7362.wav,3
7363.wav,4
7364.wav,4
7365.wav,4
7366.wav,3
7367.wav,4
7368.wav,5
7369.wav,5
7370.wav,5
7371.wav,5
7372.wav,5
7373.wav,4
7374.wav,4
7375.wav,4
7376.wav,5
7377.wav,5
7378.wav,4
7379.wav,4
7380.wav,4
7381.wav,4
7382.wav,4
7383.wav,4
7384.wav,4
7385.wav,4
7386.wav,4
7387.wav,4
7388.wav,4
7389.wav,4
7390.wav,4
7391.wav,4
7392.wav,3
7393.wav,4
7394.wav,4
7395.wav,5
7396.wav,5
7397.wav,4
7398.wav,4
7399.wav,4
7400.wav,5
7401.wav,5
7402.wav,5
7403.wav,5
7404.wav,5
7405.wav,5
7406.wav,5
7407.wav,4
7408.wav,4
7409.wav,3
7410.wav,4
7411.wav,4
7412.wav,4
7413.wav,4
7414.wav,4
7415.wav,4
7416.wav,4
7417.wav,4
7418.wav,4
7419.wav,4
7420.wav,4
7421.wav,5
7422.wav,5
7423.wav,5
7424.wav,3
7425.wav,4
7426.wav,4
7427.wav,3
7428.wav,4
7429.wav,3
7430.wav,4
7431.wav,3
7432.wav,4
7433.wav,4
7434.wav,3
7435.wav,4
7436.wav,3
7437.wav,4
7438.wav,4
7439.wav,4
7440.wav,4
7441.wav,4
7442.wav,4
7443.wav,4
7444.wav,4
7445.wav,4
7446.wav,4
7447.wav,4
7448.wav,4
7449.wav,3
7450.wav,3
7451.wav,3
7452.wav,4
7453.wav,4
7454.wav,4
7455.wav,4
7456.wav,4
7457.wav,4
7458.wav,4
7459.wav,4
7460.wav,4
7461.wav,3
7462.wav,4
7463.wav,4
7464.wav,4
7465.wav,4
7466.wav,4
7467.wav,4
7468.wav,4
7469.wav,4
7470.wav,4
7471.wav,4
7472.wav,4
7473.wav,4
7474.wav,4
7475.wav,4
7476.wav,3
7477.wav,3
7478.wav,3
7479.wav,2
7480.wav,2
7481.wav,2
7482.wav,2
7483.wav,2
7484.wav,2
7485.wav,3
7486.wav,2
7487.wav,2
7488.wav,3
7489.wav,2
7490.wav,2
7491.wav,2
7492.wav,2
7493.wav,2
7494.wav,2
7495.wav,2
7496.wav,2
7497.wav,2
7498.wav,2
7499.wav,2
7500.wav,2
7501.wav,2
7502.wav,2
7503.wav,2
7504.wav,2
7505.wav,2
7506.wav,2
7507.wav,2
7508.wav,2
7509.wav,2
7510.wav,2
7511.wav,2
7512.wav,2
7513.wav,2
7514.wav,2
7515.wav,2
7516.wav,2
7517.wav,2
7518.wav,2
7519.wav,2
7520.wav,2
7521.wav,2
7522.wav,2
7523.wav,2
7524.wav,2
7525.wav,3
7526.wav,2
7527.wav,2
7528.wav,2
7529.wav,2
7530.wav,2
7531.wav,2
7532.wav,2
7533.wav,3
7534.wav,2
7535.wav,2
7536.wav,2
7537.wav,2
7538.wav,2
7539.wav,2
7540.wav,2
7541.wav,2
7542.wav,4
7543.wav,2
7544.wav,2
7545.wav,2
7546.wav,2
7547.wav,2
7548.wav,2
7549.wav,2
7550.wav,2
7551.wav,2
7552.wav,2
7553.wav,2
7554.wav,2
7555.wav,4
7556.wav,4
7557.wav,2
7558.wav,2
7559.wav,2
7560.wav,2
7561.wav,2
7562.wav,2
7563.wav,4
7564.wav,2
7565.wav,3
7566.wav,3
7567.wav,3
7568.wav,3
7569.wav,4
7570.wav,4
7571.wav,4
7572.wav,4
7573.wav,3
7574.wav,3
7575.wav,3
7576.wav,4
7577.wav,3
7578.wav,3
7579.wav,3
7580.wav,4
7581.wav,4
7582.wav,3
7583.wav,4
7584.wav,3
7585.wav,4
7586.wav,3
7587.wav,4
7588.wav,3
7589.wav,4
7590.wav,3
7591.wav,3
7592.wav,3
7593.wav,3
7594.wav,3
7595.wav,4
7596.wav,4
7597.wav,4
7598.wav,4
7599.wav,3
7600.wav,4
7601.wav,4
7602.wav,4
7603.wav,4
7604.wav,4
7605.wav,4
7606.wav,4
7607.wav,4
7608.wav,4
7609.wav,4
7610.wav,4
7611.wav,4
7612.wav,4
7613.wav,4
7614.wav,4
7615.wav,4
7616.wav,4
7617.wav,4
7618.wav,4
7619.wav,5
7620.wav,5
7621.wav,5
7622.wav,4
7623.wav,4
7624.wav,4
7625.wav,4
7626.wav,4
7627.wav,4
7628.wav,4
7629.wav,4
7630.wav,4
7631.wav,4
7632.wav,4
7633.wav,4
7634.wav,4
7635.wav,4
7636.wav,5
7637.wav,5
7638.wav,5
7639.wav,5
7640.wav,5
7641.wav,5
7642.wav,5
7643.wav,5
7644.wav,5
7645.wav,5
7646.wav,5
7647.wav,5
7648.wav,5
7649.wav,5
7650.wav,5
7651.wav,5
7652.wav,5
7653.wav,5
7654.wav,5
7655.wav,5
7656.wav,5
7657.wav,5
7658.wav,5
7659.wav,5
7660.wav,5
7661.wav,5
7662.wav,5
7663.wav,5
7664.wav,5
7665.wav,5
7666.wav,5
7667.wav,5
7668.wav,5
7669.wav,5
7670.wav,5
7671.wav,5
7672.wav,5
7673.wav,5
7674.wav,5
7675.wav,5
7676.wav,5
7677.wav,5
7678.wav,5
7679.wav,5
7680.wav,5
7681.wav,5
7682.wav,5
7683.wav,5
7684.wav,5
7685.wav,5
7686.wav,5
7687.wav,5
7688.wav,5
7689.wav,5
7690.wav,5
7691.wav,5
7692.wav,5
7693.wav,5
7694.wav,5
7695.wav,5
7696.wav,5
7697.wav,5
7698.wav,5
7699.wav,5
7700.wav,5
7701.wav,5
7702.wav,5
7703.wav,5
7704.wav,2
7705.wav,2
7706.wav,2
7707.wav,2
7708.wav,2
7709.wav,2
7710.wav,2
7711.wav,2
7712.wav,2
7713.wav,2
7714.wav,2
7715.wav,2
7716.wav,2
7717.wav,2
7718.wav,2
7719.wav,2
7720.wav,2
7721.wav,2
7722.wav,2
7723.wav,2
7724.wav,2
7725.wav,2
7726.wav,2
7727.wav,2
7728.wav,2
7729.wav,2
7730.wav,2
7731.wav,2
7732.wav,2
7733.wav,2
7734.wav,2
7735.wav,4
7736.wav,4
7737.wav,2
7738.wav,2
7739.wav,2
7740.wav,2
7741.wav,2
7742.wav,2
7743.wav,2
7744.wav,4
7745.wav,4
7746.wav,2
7747.wav,2
7748.wav,2
7749.wav,4
7750.wav,2
7751.wav,2
7752.wav,2
7753.wav,5
7754.wav,5
7755.wav,5
7756.wav,5
7757.wav,5
7758.wav,5
7759.wav,5
7760.wav,5
7761.wav,5
7762.wav,5
7763.wav,5
7764.wav,5
7765.wav,5
7766.wav,5
7767.wav,5
7768.wav,5
7769.wav,5
7770.wav,5
7771.wav,5
7772.wav,5
7773.wav,5
7774.wav,5
7775.wav,5
7776.wav,5
7777.wav,5
7778.wav,5
7779.wav,5
7780.wav,5
7781.wav,5
7782.wav,5
7783.wav,5
7784.wav,5
7785.wav,5
7786.wav,5
7787.wav,5
7788.wav,5
7789.wav,5
7790.wav,5
7791.wav,5
7792.wav,5
7793.wav,5
7794.wav,5
7795.wav,5
7796.wav,5
7797.wav,5
7798.wav,5
7799.wav,5
7800.wav,5
7801.wav,5
7802.wav,5
7803.wav,5
7804.wav,5
7805.wav,5
7806.wav,5
7807.wav,5
7808.wav,5
7809.wav,5
7810.wav,5
7811.wav,5
7812.wav,5
7813.wav,5
7814.wav,5
7815.wav,5
7816.wav,5
7817.wav,5
7818.wav,5
7819.wav,5
7820.wav,4
7821.wav,1
7822.wav,3
7823.wav,4
7824.wav,2
7825.wav,4
7826.wav,2
7827.wav,2
7828.wav,1
7829.wav,1
7830.wav,1
7831.wav,1
7832.wav,1
7833.wav,1
7834.wav,2
7835.wav,4
7836.wav,1
7837.wav,1
7838.wav,4
7839.wav,4
7840.wav,4
7841.wav,4
7842.wav,4
7843.wav,4
7844.wav,3
7845.wav,2
7846.wav,1
7847.wav,1
7848.wav,1
7849.wav,1
7850.wav,1
7851.wav,4
7852.wav,2
7853.wav,3
7854.wav,2
7855.wav,2
7856.wav,4
7857.wav,4
7858.wav,4
7859.wav,1
7860.wav,1
7861.wav,1
7862.wav,4
7863.wav,3
7864.wav,2
7865.wav,3
7866.wav,3
7867.wav,3
7868.wav,2
7869.wav,2
7870.wav,2
7871.wav,3
7872.wav,2
7873.wav,2
7874.wav,4
7875.wav,4
7876.wav,4
7877.wav,4
7878.wav,4
7879.wav,4
7880.wav,4
7881.wav,4
7882.wav,4
7883.wav,4
7884.wav,4
7885.wav,4
7886.wav,4
7887.wav,4
7888.wav,4
7889.wav,4
7890.wav,4
7891.wav,4
7892.wav,4
7893.wav,4
